state,abbreviation,name,price,date
Alabama,AL,Autauga,$3.6630,2026-08-12
Alabama,AL,Baldwin,$3.5000,2026-08-12
Alabama,AL,Barbour,$3.7970,2026-08-12
Alabama,AL,Bibb,$3.5600,2026-08-12
Alabama,AL,Blount,$3.6950,2026-08-12
Alabama,AL,Bullock,$3.7960,2026-08-12
Alabama,AL,Butler,$3.7690,2026-08-12
Alabama,AL,Calhoun,$3.5600,2026-08-12
Alabama,AL,Chambers,$3.6250,2026-08-12
Alabama,AL,Cherokee,$3.4770,2026-08-12
Alabama,AL,Chilton,$3.7030,2026-08-12
Alabama,AL,Choctaw,$3.7410,2026-08-12
Alabama,AL,Clarke,$3.7390,2026-08-12
Alabama,AL,Clay,$3.7990,2026-08-12
Alabama,AL,Cleburne,$3.6940,2026-08-12
Alabama,AL,Coffee,$3.7260,2026-08-12
Alabama,AL,Colbert,$3.4730,2026-08-12
Alabama,AL,Conecuh,$3.8360,2026-08-12
Alabama,AL,Coosa,$3.6850,2026-08-12
Alabama,AL,Covington,$3.7070,2026-08-12
Alabama,AL,Crenshaw,$3.8700,2026-08-12
Alabama,AL,Cullman,$3.5380,2026-08-12
Alabama,AL,Dale,$3.7420,2026-08-12
Alabama,AL,Dallas,$3.6620,2026-08-12
Alabama,AL,De Kalb,$3.5280,2026-08-12
Alabama,AL,Elmore,$3.6520,2026-08-12
Alabama,AL,Escambia,$3.6980,2026-08-12
Alabama,AL,Etowah,$3.5510,2026-08-12
Alabama,AL,Fayette,$3.7010,2026-08-12
Alabama,AL,Franklin,$3.5040,2026-08-12
Alabama,AL,Geneva,$3.7680,2026-08-12
Alabama,AL,Greene,$3.8360,2026-08-12
Alabama,AL,Hale,$3.6970,2026-08-12
Alabama,AL,Henry,$3.6760,2026-08-12
Alabama,AL,Houston,$3.6820,2026-08-12
Alabama,AL,Jackson,$3.5800,2026-08-12
Alabama,AL,Jefferson,$3.6090,2026-08-12
Alabama,AL,Lamar,$3.8310,2026-08-12
Alabama,AL,Lauderdale,$3.5220,2026-08-12
Alabama,AL,Lawrence,$3.5690,2026-08-12
Alabama,AL,Lee,$3.6280,2026-08-12
Alabama,AL,Limestone,$3.5590,2026-08-12
Alabama,AL,Lowndes,$3.7490,2026-08-12
Alabama,AL,Macon,$3.7520,2026-08-12
Alabama,AL,Madison,$3.6130,2026-08-12
Alabama,AL,Marengo,$3.6870,2026-08-12
Alabama,AL,Marion,$3.6460,2026-08-12
Alabama,AL,Marshall,$3.5200,2026-08-12
Alabama,AL,Mobile,$3.5210,2026-08-12
Alabama,AL,Monroe,$3.7830,2026-08-12
Alabama,AL,Montgomery,$3.6730,2026-08-12
Alabama,AL,Morgan,$3.5540,2026-08-12
Alabama,AL,Perry,$3.9320,2026-08-12
Alabama,AL,Pickens,$3.7560,2026-08-12
Alabama,AL,Pike,$3.7840,2026-08-12
Alabama,AL,Randolph,$3.6910,2026-08-12
Alabama,AL,Russell,$3.6410,2026-08-12
Alabama,AL,Shelby,$3.5820,2026-08-12
Alabama,AL,Saint Clair,$3.5960,2026-08-12
Alabama,AL,Sumter,$3.7800,2026-08-12
Alabama,AL,Talladega,$3.5540,2026-08-12
Alabama,AL,Tallapoosa,$3.6030,2026-08-12
Alabama,AL,Tuscaloosa,$3.5880,2026-08-12
Alabama,AL,Walker,$3.5880,2026-08-12
Alabama,AL,Washington,$3.7750,2026-08-12
Alabama,AL,Wilcox,$3.9770,2026-08-12
Alabama,AL,Winston,$3.6880,2026-08-12
Alaska,AK,Aleutians East,,2026-08-12
Alaska,AK,Aleutians West,,2026-08-12
Alaska,AK,Anchorage,$4.8370,2026-08-12
Alaska,AK,Bethel,,2026-08-12
Alaska,AK,Bristol Bay,,2026-08-12
Alaska,AK,Denali,$5.0910,2026-08-12
Alaska,AK,Dillingham,,2026-08-12
Alaska,AK,Fairbanks North Star,$4.7160,2026-08-12
Alaska,AK,Haines,$4.0990,2026-08-12
Alaska,AK,Juneau,$4.5780,2026-08-12
Alaska,AK,Kenai Peninsula,$4.9120,2026-08-12
Alaska,AK,Ketchikan Gateway,$4.4170,2026-08-12
Alaska,AK,Kodiak Island,$5.3290,2026-08-12
Alaska,AK,Matanuska Susitna,$4.6530,2026-08-12
Alaska,AK,Nome,,2026-08-12
Alaska,AK,North Slope,$5.3990,2026-08-12
Alaska,AK,Northwest Arctic,,2026-08-12
Alaska,AK,Lake and Peninsula,,2026-08-12
Alaska,AK,Prince Wales Ketchikan,$5.6790,2026-08-12
Alaska,AK,Sitka,$4.9940,2026-08-12
Alaska,AK,Skagway Hoonah Angoon,$5.3590,2026-08-12
Alaska,AK,Southeast Fairbanks,$4.8900,2026-08-12
Alaska,AK,Valdez Cordova,$5.0190,2026-08-12
Alaska,AK,Wade Hampton,,2026-08-12
Alaska,AK,Wrangell Petersburg,$5.0040,2026-08-12
Alaska,AK,Yakutat,,2026-08-12
Alaska,AK,Yukon Koyukuk,$5.1390,2026-08-12
Arizona,AZ,Apache,$4.3130,2026-08-12
Arizona,AZ,Cochise,$4.3670,2026-08-12
Arizona,AZ,Coconino,$4.4110,2026-08-12
Arizona,AZ,Gila,$4.4000,2026-08-12
Arizona,AZ,Graham,$4.4950,2026-08-12
Arizona,AZ,Greenlee,$4.1660,2026-08-12
Arizona,AZ,La Paz,$4.1070,2026-08-12
Arizona,AZ,Maricopa,$4.4450,2026-08-12
Arizona,AZ,Mohave,$4.3140,2026-08-12
Arizona,AZ,Navajo,$4.3460,2026-08-12
Arizona,AZ,Pima,$4.2800,2026-08-12
Arizona,AZ,Pinal,$4.3020,2026-08-12
Arizona,AZ,Santa Cruz,$4.3770,2026-08-12
Arizona,AZ,Yavapai,$4.4130,2026-08-12
Arizona,AZ,Yuma,$4.3800,2026-08-12
Arkansas,AR,Arkansas,$3.6120,2026-08-12
Arkansas,AR,Ashley,$3.6890,2026-08-12
Arkansas,AR,Baxter,$3.6880,2026-08-12
Arkansas,AR,Benton,$3.7190,2026-08-12
Arkansas,AR,Boone,$3.8300,2026-08-12
Arkansas,AR,Bradley,$3.6470,2026-08-12
Arkansas,AR,Calhoun,$3.8990,2026-08-12
Arkansas,AR,Carroll,$3.7110,2026-08-12
Arkansas,AR,Chicot,$3.7590,2026-08-12
Arkansas,AR,Clark,$3.7710,2026-08-12
Arkansas,AR,Clay,$3.6860,2026-08-12
Arkansas,AR,Cleburne,$3.7050,2026-08-12
Arkansas,AR,Cleveland,$4.2490,2026-08-12
Arkansas,AR,Columbia,$3.8460,2026-08-12
Arkansas,AR,Conway,$3.6090,2026-08-12
Arkansas,AR,Craighead,$3.5550,2026-08-12
Arkansas,AR,Crawford,$3.6550,2026-08-12
Arkansas,AR,Crittenden,$3.6510,2026-08-12
Arkansas,AR,Cross,$3.7080,2026-08-12
Arkansas,AR,Dallas,$3.7230,2026-08-12
Arkansas,AR,Desha,$3.9280,2026-08-12
Arkansas,AR,Drew,$3.7750,2026-08-12
Arkansas,AR,Faulkner,$3.5800,2026-08-12
Arkansas,AR,Franklin,$3.7160,2026-08-12
Arkansas,AR,Fulton,$3.7070,2026-08-12
Arkansas,AR,Garland,$3.5250,2026-08-12
Arkansas,AR,Grant,$3.6920,2026-08-12
Arkansas,AR,Greene,$3.5700,2026-08-12
Arkansas,AR,Hempstead,$3.7850,2026-08-12
Arkansas,AR,Hot Spring,$3.5560,2026-08-12
Arkansas,AR,Howard,$3.7890,2026-08-12
Arkansas,AR,Independence,$3.6960,2026-08-12
Arkansas,AR,Izard,$3.7250,2026-08-12
Arkansas,AR,Jackson,$3.6120,2026-08-12
Arkansas,AR,Jefferson,$3.5820,2026-08-12
Arkansas,AR,Johnson,$3.6560,2026-08-12
Arkansas,AR,Lafayette,$3.9740,2026-08-12
Arkansas,AR,Lawrence,$3.7110,2026-08-12
Arkansas,AR,Lee,$3.7490,2026-08-12
Arkansas,AR,Lincoln,$3.7740,2026-08-12
Arkansas,AR,Little River,$3.7990,2026-08-12
Arkansas,AR,Logan,$3.7430,2026-08-12
Arkansas,AR,Lonoke,$3.6750,2026-08-12
Arkansas,AR,Madison,$3.7530,2026-08-12
Arkansas,AR,Marion,$3.7910,2026-08-12
Arkansas,AR,Miller,$3.5670,2026-08-12
Arkansas,AR,Mississippi,$3.6520,2026-08-12
Arkansas,AR,Monroe,$3.6490,2026-08-12
Arkansas,AR,Montgomery,$3.8710,2026-08-12
Arkansas,AR,Nevada,$3.6360,2026-08-12
Arkansas,AR,Newton,$3.9990,2026-08-12
Arkansas,AR,Ouachita,$3.7790,2026-08-12
Arkansas,AR,Perry,$3.6390,2026-08-12
Arkansas,AR,Phillips,$3.7590,2026-08-12
Arkansas,AR,Pike,$3.8190,2026-08-12
Arkansas,AR,Poinsett,$3.7140,2026-08-12
Arkansas,AR,Polk,$3.6230,2026-08-12
Arkansas,AR,Pope,$3.6090,2026-08-12
Arkansas,AR,Prairie,$3.5730,2026-08-12
Arkansas,AR,Pulaski,$3.6990,2026-08-12
Arkansas,AR,Randolph,$3.6330,2026-08-12
Arkansas,AR,Saline,$3.7360,2026-08-12
Arkansas,AR,Scott,$3.7590,2026-08-12
Arkansas,AR,Searcy,$3.6690,2026-08-12
Arkansas,AR,Sebastian,$3.6460,2026-08-12
Arkansas,AR,Sevier,$3.6440,2026-08-12
Arkansas,AR,Sharp,$3.7120,2026-08-12
Arkansas,AR,Saint Francis,$3.6130,2026-08-12
Arkansas,AR,Stone,$3.7320,2026-08-12
Arkansas,AR,Union,$3.7960,2026-08-12
Arkansas,AR,Van Buren,$3.5510,2026-08-12
Arkansas,AR,Washington,$3.7320,2026-08-12
Arkansas,AR,White,$3.5250,2026-08-12
Arkansas,AR,Woodruff,$3.6740,2026-08-12
Arkansas,AR,Yell,$3.6820,2026-08-12
California,CA,Alameda,$5.5590,2026-08-12
California,CA,Alpine,$6.4990,2026-08-12
California,CA,Amador,$5.4850,2026-08-12
California,CA,Butte,$5.3580,2026-08-12
California,CA,Calaveras,$5.5110,2026-08-12
California,CA,Colusa,$5.4930,2026-08-12
California,CA,Contra Costa,$5.5510,2026-08-12
California,CA,Del Norte,$5.5440,2026-08-12
California,CA,El Dorado,$5.6520,2026-08-12
California,CA,Fresno,$5.4990,2026-08-12
California,CA,Glenn,$5.4040,2026-08-12
California,CA,Humboldt,$5.8700,2026-08-12
California,CA,Imperial,$5.3240,2026-08-12
California,CA,Inyo,$6.0790,2026-08-12
California,CA,Kern,$5.6440,2026-08-12
California,CA,Kings,$5.4560,2026-08-12
California,CA,Lake,$5.5750,2026-08-12
California,CA,Lassen,$5.5400,2026-08-12
California,CA,Los Angeles,$5.6570,2026-08-12
California,CA,Madera,$5.6130,2026-08-12
California,CA,Marin,$5.6470,2026-08-12
California,CA,Mariposa,$5.5050,2026-08-12
California,CA,Mendocino,$5.6360,2026-08-12
California,CA,Merced,$5.5340,2026-08-12
California,CA,Modoc,$5.3980,2026-08-12
California,CA,Mono,$6.8220,2026-08-12
California,CA,Monterey,$5.7320,2026-08-12
California,CA,Napa,$5.6930,2026-08-12
California,CA,Nevada,$5.8070,2026-08-12
California,CA,Orange,$5.5980,2026-08-12
California,CA,Placer,$5.5870,2026-08-12
California,CA,Plumas,$5.6900,2026-08-12
California,CA,Riverside,$5.5400,2026-08-12
California,CA,Sacramento,$5.4410,2026-08-12
California,CA,San Benito,$5.7740,2026-08-12
California,CA,San Bernardino,$5.5710,2026-08-12
California,CA,San Diego,$5.6990,2026-08-12
California,CA,San Francisco,$5.6840,2026-08-12
California,CA,San Joaquin,$5.3860,2026-08-12
California,CA,San Luis Obispo,$5.8340,2026-08-12
California,CA,San Mateo,$5.7310,2026-08-12
California,CA,Santa Barbara,$5.6630,2026-08-12
California,CA,Santa Clara,$5.5010,2026-08-12
California,CA,Santa Cruz,$5.5810,2026-08-12
California,CA,Shasta,$5.4000,2026-08-12
California,CA,Sierra,$6.0490,2026-08-12
California,CA,Siskiyou,$5.7780,2026-08-12
California,CA,Solano,$5.4260,2026-08-12
California,CA,Sonoma,$5.6860,2026-08-12
California,CA,Stanislaus,$5.3840,2026-08-12
California,CA,Sutter,$5.2500,2026-08-12
California,CA,Tehama,$5.2940,2026-08-12
California,CA,Trinity,$5.5470,2026-08-12
California,CA,Tulare,$5.4720,2026-08-12
California,CA,Tuolumne,$5.4320,2026-08-12
California,CA,Ventura,$5.5650,2026-08-12
California,CA,Yolo,$5.4770,2026-08-12
California,CA,Yuba,$5.2380,2026-08-12
Colorado,CO,Adams,$4.3130,2026-08-12
Colorado,CO,Alamosa,$4.0640,2026-08-12
Colorado,CO,Arapahoe,$4.3220,2026-08-12
Colorado,CO,Archuleta,$4.4860,2026-08-12
Colorado,CO,Baca,$3.9640,2026-08-12
Colorado,CO,Bent,$3.8690,2026-08-12
Colorado,CO,Boulder,$4.3130,2026-08-12
Colorado,CO,Broomfield,$4.3350,2026-08-12
Colorado,CO,Chaffee,$4.2990,2026-08-12
Colorado,CO,Cheyenne,$3.8720,2026-08-12
Colorado,CO,Clear Creek,$4.3680,2026-08-12
Colorado,CO,Conejos,$4.0320,2026-08-12
Colorado,CO,Costilla,$4.1990,2026-08-12
Colorado,CO,Crowley,$4.2590,2026-08-12
Colorado,CO,Custer,$4.2990,2026-08-12
Colorado,CO,Delta,$4.3090,2026-08-12
Colorado,CO,Denver,$4.3330,2026-08-12
Colorado,CO,Dolores,$4.4660,2026-08-12
Colorado,CO,Douglas,$4.3240,2026-08-12
Colorado,CO,Eagle,$4.6170,2026-08-12
Colorado,CO,El Paso,$4.2880,2026-08-12
Colorado,CO,Elbert,$4.4740,2026-08-12
Colorado,CO,Fremont,$4.1360,2026-08-12
Colorado,CO,Garfield,$4.6470,2026-08-12
Colorado,CO,Gilpin,$4.5990,2026-08-12
Colorado,CO,Grand,$4.4580,2026-08-12
Colorado,CO,Gunnison,$4.4030,2026-08-12
Colorado,CO,Hinsdale,$5.1940,2026-08-12
Colorado,CO,Huerfano,$3.9120,2026-08-12
Colorado,CO,Jackson,$4.5990,2026-08-12
Colorado,CO,Jefferson,$4.2580,2026-08-12
Colorado,CO,Kiowa,$3.9240,2026-08-12
Colorado,CO,Kit Carson,$3.9530,2026-08-12
Colorado,CO,La Plata,$4.3250,2026-08-12
Colorado,CO,Lake,$4.6230,2026-08-12
Colorado,CO,Larimer,$4.3210,2026-08-12
Colorado,CO,Las Animas,$4.1370,2026-08-12
Colorado,CO,Lincoln,$3.8650,2026-08-12
Colorado,CO,Logan,$4.1470,2026-08-12
Colorado,CO,Mesa,$4.2710,2026-08-12
Colorado,CO,Mineral,$4.6990,2026-08-12
Colorado,CO,Moffat,$4.4090,2026-08-12
Colorado,CO,Montezuma,$4.1910,2026-08-12
Colorado,CO,Montrose,$4.4260,2026-08-12
Colorado,CO,Morgan,$4.1900,2026-08-12
Colorado,CO,Otero,$4.0950,2026-08-12
Colorado,CO,Ouray,$4.7940,2026-08-12
Colorado,CO,Park,$4.4920,2026-08-12
Colorado,CO,Phillips,$4.7220,2026-08-12
Colorado,CO,Pitkin,$5.7170,2026-08-12
Colorado,CO,Prowers,$3.9230,2026-08-12
Colorado,CO,Pueblo,$4.1960,2026-08-12
Colorado,CO,Rio Blanco,$4.4490,2026-08-12
Colorado,CO,Rio Grande,$4.1140,2026-08-12
Colorado,CO,Routt,$4.7380,2026-08-12
Colorado,CO,Saguache,$4.2990,2026-08-12
Colorado,CO,San Juan,$4.6990,2026-08-12
Colorado,CO,San Miguel,$4.8820,2026-08-12
Colorado,CO,Sedgwick,$4.6990,2026-08-12
Colorado,CO,Summit,$4.5400,2026-08-12
Colorado,CO,Teller,$4.2570,2026-08-12
Colorado,CO,Washington,$4.1120,2026-08-12
Colorado,CO,Weld,$4.2980,2026-08-12
Colorado,CO,Yuma,$4.0930,2026-08-12
Connecticut,CT,Fairfield,$4.1570,2026-08-12
Connecticut,CT,Hartford,$4.0820,2026-08-12
Connecticut,CT,Litchfield,$4.0970,2026-08-12
Connecticut,CT,Middlesex,$4.0520,2026-08-12
Connecticut,CT,New Haven,$4.0240,2026-08-12
Connecticut,CT,New London,$4.0950,2026-08-12
Connecticut,CT,Tolland,$4.0860,2026-08-12
Connecticut,CT,Windham,$4.1850,2026-08-12
Delaware,DE,Kent,$3.9740,2026-08-12
Delaware,DE,New castle,$3.9410,2026-08-12
Delaware,DE,Sussex,$3.9780,2026-08-12
Florida,FL,Alachua,$4.0040,2026-08-12
Florida,FL,Baker,$3.8580,2026-08-12
Florida,FL,Bay,$3.5840,2026-08-12
Florida,FL,Bradford,$3.9450,2026-08-12
Florida,FL,Brevard,$3.9500,2026-08-12
Florida,FL,Broward,$3.9890,2026-08-12
Florida,FL,Calhoun,$3.8580,2026-08-12
Florida,FL,Charlotte,$3.9580,2026-08-12
Florida,FL,Citrus,$3.9800,2026-08-12
Florida,FL,Clay,$3.9790,2026-08-12
Florida,FL,Collier,$4.0010,2026-08-12
Florida,FL,Columbia,$3.9290,2026-08-12
Florida,FL,De Soto,$3.9700,2026-08-12
Florida,FL,Dixie,$3.9240,2026-08-12
Florida,FL,Duval,$3.9600,2026-08-12
Florida,FL,Escambia,$3.5470,2026-08-12
Florida,FL,Flagler,$3.9920,2026-08-12
Florida,FL,Franklin,$3.7820,2026-08-12
Florida,FL,Gadsden,$3.8460,2026-08-12
Florida,FL,Gilchrist,$3.8860,2026-08-12
Florida,FL,Glades,$3.9620,2026-08-12
Florida,FL,Gulf,$3.7260,2026-08-12
Florida,FL,Hamilton,$3.8360,2026-08-12
Florida,FL,Hardee,$3.9510,2026-08-12
Florida,FL,Hendry,$3.9730,2026-08-12
Florida,FL,Hernando,$3.9590,2026-08-12
Florida,FL,Highlands,$3.9730,2026-08-12
Florida,FL,Hillsborough,$3.9710,2026-08-12
Florida,FL,Holmes,$3.7950,2026-08-12
Florida,FL,Indian River,$3.9460,2026-08-12
Florida,FL,Jackson,$3.6810,2026-08-12
Florida,FL,Jefferson,$3.8970,2026-08-12
Florida,FL,Lafayette,$3.9860,2026-08-12
Florida,FL,Lake,$3.9370,2026-08-12
Florida,FL,Lee,$3.9680,2026-08-12
Florida,FL,Leon,$3.8110,2026-08-12
Florida,FL,Levy,$3.9870,2026-08-12
Florida,FL,Liberty,$3.9130,2026-08-12
Florida,FL,Madison,$3.8980,2026-08-12
Florida,FL,Manatee,$3.9710,2026-08-12
Florida,FL,Marion,$3.9760,2026-08-12
Florida,FL,Martin,$3.9650,2026-08-12
Florida,FL,Miami Dade,$3.9330,2026-08-12
Florida,FL,Monroe,$4.1860,2026-08-12
Florida,FL,Nassau,$3.9870,2026-08-12
Florida,FL,Okaloosa,$3.6550,2026-08-12
Florida,FL,Okeechobee,$3.9560,2026-08-12
Florida,FL,Orange,$3.9700,2026-08-12
Florida,FL,Osceola,$3.9730,2026-08-12
Florida,FL,Palm Beach,$4.0880,2026-08-12
Florida,FL,Pasco,$3.9730,2026-08-12
Florida,FL,Pinellas,$3.9700,2026-08-12
Florida,FL,Polk,$3.9520,2026-08-12
Florida,FL,Putnam,$3.9620,2026-08-12
Florida,FL,Santa Rosa,$3.6350,2026-08-12
Florida,FL,Sarasota,$3.9720,2026-08-12
Florida,FL,Seminole,$3.9680,2026-08-12
Florida,FL,Saint Johns,$3.9530,2026-08-12
Florida,FL,Saint Lucie,$3.9580,2026-08-12
Florida,FL,Sumter,$3.9500,2026-08-12
Florida,FL,Suwannee,$3.9580,2026-08-12
Florida,FL,Taylor,$3.9180,2026-08-12
Florida,FL,Union,$3.9750,2026-08-12
Florida,FL,Volusia,$3.9670,2026-08-12
Florida,FL,Wakulla,$3.9120,2026-08-12
Florida,FL,Walton,$3.7380,2026-08-12
Florida,FL,Washington,$3.7930,2026-08-12
Georgia,GA,Appling,$3.7550,2026-08-12
Georgia,GA,Atkinson,$3.7910,2026-08-12
Georgia,GA,Bacon,$3.7200,2026-08-12
Georgia,GA,Bibb,$3.8490,2026-08-12
Georgia,GA,Bulloch,$3.7490,2026-08-12
Georgia,GA,Baldwin,$3.7240,2026-08-12
Georgia,GA,Brantley,$3.7520,2026-08-12
Georgia,GA,Ben Hill,$3.6330,2026-08-12
Georgia,GA,Berrien,$3.7660,2026-08-12
Georgia,GA,Baker,$3.8990,2026-08-12
Georgia,GA,Bleckley,$3.7450,2026-08-12
Georgia,GA,Banks,$3.7580,2026-08-12
Georgia,GA,Brooks,$3.9090,2026-08-12
Georgia,GA,Bryan,$3.8720,2026-08-12
Georgia,GA,Butts,$3.9170,2026-08-12
Georgia,GA,Bartow,$3.7270,2026-08-12
Georgia,GA,Burke,$3.7080,2026-08-12
Georgia,GA,Barrow,$3.7630,2026-08-12
Georgia,GA,Chatham,$3.8590,2026-08-12
Georgia,GA,Cobb,$3.8440,2026-08-12
Georgia,GA,Chattahoochee,$3.8990,2026-08-12
Georgia,GA,Crawford,$3.9640,2026-08-12
Georgia,GA,Cherokee,$3.8670,2026-08-12
Georgia,GA,Coffee,$3.7610,2026-08-12
Georgia,GA,Chattooga,$3.7270,2026-08-12
Georgia,GA,Charlton,$3.8020,2026-08-12
Georgia,GA,Clinch,$3.9830,2026-08-12
Georgia,GA,Clarke,$3.7900,2026-08-12
Georgia,GA,Calhoun,$3.9990,2026-08-12
Georgia,GA,Camden,$3.7710,2026-08-12
Georgia,GA,Candler,$3.8050,2026-08-12
Georgia,GA,Cook,$3.7800,2026-08-12
Georgia,GA,Crisp,$3.7530,2026-08-12
Georgia,GA,Colquitt,$3.8090,2026-08-12
Georgia,GA,Carroll,$3.8150,2026-08-12
Georgia,GA,Catoosa,$3.6510,2026-08-12
Georgia,GA,Clayton,$3.7580,2026-08-12
Georgia,GA,Columbia,$3.7060,2026-08-12
Georgia,GA,Coweta,$3.8800,2026-08-12
Georgia,GA,Clay,$3.9990,2026-08-12
Georgia,GA,Dade,$3.6180,2026-08-12
Georgia,GA,Decatur,$3.7560,2026-08-12
Georgia,GA,Douglas,$3.8420,2026-08-12
Georgia,GA,DeKalb,$3.8270,2026-08-12
Georgia,GA,Dooly,$3.8300,2026-08-12
Georgia,GA,Dodge,$3.8630,2026-08-12
Georgia,GA,Dougherty,$3.7070,2026-08-12
Georgia,GA,Dawson,$3.8110,2026-08-12
Georgia,GA,Early,$3.9200,2026-08-12
Georgia,GA,Echols,$3.9990,2026-08-12
Georgia,GA,Effingham,$3.7700,2026-08-12
Georgia,GA,Elbert,$3.7080,2026-08-12
Georgia,GA,Emanuel,$3.8260,2026-08-12
Georgia,GA,Evans,$3.8060,2026-08-12
Georgia,GA,Fannin,$3.8890,2026-08-12
Georgia,GA,Floyd,$3.7280,2026-08-12
Georgia,GA,Forsyth,$3.8760,2026-08-12
Georgia,GA,Franklin,$3.7900,2026-08-12
Georgia,GA,Fulton,$3.9640,2026-08-12
Georgia,GA,Fayette,$3.8930,2026-08-12
Georgia,GA,Greene,$3.8760,2026-08-12
Georgia,GA,Gilmer,$3.7870,2026-08-12
Georgia,GA,Glascock,$3.6990,2026-08-12
Georgia,GA,Gordon,$3.7310,2026-08-12
Georgia,GA,Grady,$3.8750,2026-08-12
Georgia,GA,Gwinnett,$3.8280,2026-08-12
Georgia,GA,Glynn,$3.7860,2026-08-12
Georgia,GA,Habersham,$3.6990,2026-08-12
Georgia,GA,Heard,$3.8720,2026-08-12
Georgia,GA,Harris,$3.9080,2026-08-12
Georgia,GA,Hall,$3.7940,2026-08-12
Georgia,GA,Hancock,$3.8990,2026-08-12
Georgia,GA,Houston,$3.7660,2026-08-12
Georgia,GA,Haralson,$3.7830,2026-08-12
Georgia,GA,Hart,$3.6890,2026-08-12
Georgia,GA,Henry,$3.7610,2026-08-12
Georgia,GA,Irwin,$3.7590,2026-08-12
Georgia,GA,Jackson,$3.8480,2026-08-12
Georgia,GA,Jeff Davis,$3.8130,2026-08-12
Georgia,GA,Jefferson,$3.7440,2026-08-12
Georgia,GA,Jenkins,$3.7110,2026-08-12
Georgia,GA,Jones,$3.8800,2026-08-12
Georgia,GA,Johnson,$3.7190,2026-08-12
Georgia,GA,Jasper,$3.9430,2026-08-12
Georgia,GA,Lamar,$3.8640,2026-08-12
Georgia,GA,Lincoln,$3.7490,2026-08-12
Georgia,GA,Lee,$3.6910,2026-08-12
Georgia,GA,Liberty,$3.8300,2026-08-12
Georgia,GA,Lanier,$3.7990,2026-08-12
Georgia,GA,Long,$3.7590,2026-08-12
Georgia,GA,Lumpkin,$3.8620,2026-08-12
Georgia,GA,Laurens,$3.7580,2026-08-12
Georgia,GA,Lowndes,$3.7910,2026-08-12
Georgia,GA,Macon,$3.8820,2026-08-12
Georgia,GA,Mcduffie,$3.7260,2026-08-12
Georgia,GA,Madison,$3.7500,2026-08-12
Georgia,GA,Meriwether,$3.8880,2026-08-12
Georgia,GA,Montgomery,$3.7990,2026-08-12
Georgia,GA,Mcintosh,$3.7830,2026-08-12
Georgia,GA,Miller,$3.8310,2026-08-12
Georgia,GA,Morgan,$3.7370,2026-08-12
Georgia,GA,Monroe,$3.8050,2026-08-12
Georgia,GA,Marion,$3.7540,2026-08-12
Georgia,GA,Muscogee,$3.7560,2026-08-12
Georgia,GA,Mitchell,$3.8110,2026-08-12
Georgia,GA,Murray,$3.7840,2026-08-12
Georgia,GA,Newton,$3.8450,2026-08-12
Georgia,GA,Oconee,$3.7630,2026-08-12
Georgia,GA,Oglethorpe,$3.8610,2026-08-12
Georgia,GA,Peach,$3.7650,2026-08-12
Georgia,GA,Pickens,$3.7640,2026-08-12
Georgia,GA,Paulding,$3.8240,2026-08-12
Georgia,GA,Pierce,$3.7650,2026-08-12
Georgia,GA,Pike,$3.8910,2026-08-12
Georgia,GA,Pulaski,$3.9080,2026-08-12
Georgia,GA,Polk,$3.8100,2026-08-12
Georgia,GA,Putnam,$3.7940,2026-08-12
Georgia,GA,Quitman,$3.8710,2026-08-12
Georgia,GA,Randolph,$3.9240,2026-08-12
Georgia,GA,Rabun,$3.7910,2026-08-12
Georgia,GA,Richmond,$3.7370,2026-08-12
Georgia,GA,Rockdale,$3.7720,2026-08-12
Georgia,GA,Schley,$3.6140,2026-08-12
Georgia,GA,Stephens,$3.6110,2026-08-12
Georgia,GA,Seminole,$3.8660,2026-08-12
Georgia,GA,Spalding,$3.9160,2026-08-12
Georgia,GA,Screven,$3.8940,2026-08-12
Georgia,GA,Stewart,$3.8990,2026-08-12
Georgia,GA,Sumter,$3.6870,2026-08-12
Georgia,GA,Taliaferro,$3.8240,2026-08-12
Georgia,GA,Talbot,$4.0620,2026-08-12
Georgia,GA,Treutlen,$3.7960,2026-08-12
Georgia,GA,Telfair,$3.7190,2026-08-12
Georgia,GA,Thomas,$3.8150,2026-08-12
Georgia,GA,Tift,$3.7190,2026-08-12
Georgia,GA,Terrell,$3.6720,2026-08-12
Georgia,GA,Toombs,$3.8110,2026-08-12
Georgia,GA,Towns,$3.7260,2026-08-12
Georgia,GA,Troup,$3.7790,2026-08-12
Georgia,GA,Tattnall,$3.7990,2026-08-12
Georgia,GA,Turner,$3.8190,2026-08-12
Georgia,GA,Twiggs,$3.8520,2026-08-12
Georgia,GA,Taylor,$3.8120,2026-08-12
Georgia,GA,Union,$3.8010,2026-08-12
Georgia,GA,Upson,$3.7880,2026-08-12
Georgia,GA,Ware,$3.6770,2026-08-12
Georgia,GA,Wilcox,$3.7990,2026-08-12
Georgia,GA,Wheeler,$3.6970,2026-08-12
Georgia,GA,Washington,$3.5320,2026-08-12
Georgia,GA,Whitfield,$3.7210,2026-08-12
Georgia,GA,Wilkinson,$3.6990,2026-08-12
Georgia,GA,Walker,$3.6850,2026-08-12
Georgia,GA,Wilkes,$3.7130,2026-08-12
Georgia,GA,Walton,$3.7960,2026-08-12
Georgia,GA,Worth,$3.7370,2026-08-12
Georgia,GA,Warren,$3.7490,2026-08-12
Georgia,GA,Webster,$3.8290,2026-08-12
Georgia,GA,White,$3.7890,2026-08-12
Georgia,GA,Wayne,$3.7780,2026-08-12
Hawaii,HI,Hawaii,$5.5480,2026-08-12
Hawaii,HI,Honolulu,$5.4100,2026-08-12
Hawaii,HI,Kalawao,,2026-08-12
Hawaii,HI,Kauai,$5.8070,2026-08-12
Hawaii,HI,Maui,$5.4840,2026-08-12
Idaho,ID,Ada,$4.4680,2026-08-12
Idaho,ID,Adams,$4.5490,2026-08-12
Idaho,ID,Bannock,$4.3840,2026-08-12
Idaho,ID,Bear Lake,$4.4710,2026-08-12
Idaho,ID,Benewah,$4.3250,2026-08-12
Idaho,ID,Bingham,$4.3610,2026-08-12
Idaho,ID,Blaine,$4.6030,2026-08-12
Idaho,ID,Boise,$5.0040,2026-08-12
Idaho,ID,Bonner,$4.2700,2026-08-12
Idaho,ID,Bonneville,$4.2620,2026-08-12
Idaho,ID,Boundary,$4.3690,2026-08-12
Idaho,ID,Butte,$4.5160,2026-08-12
Idaho,ID,Camas,$4.6990,2026-08-12
Idaho,ID,Canyon,$4.4430,2026-08-12
Idaho,ID,Caribou,$4.3830,2026-08-12
Idaho,ID,Cassia,$4.4680,2026-08-12
Idaho,ID,Clark,$4.8790,2026-08-12
Idaho,ID,Clearwater,$4.3990,2026-08-12
Idaho,ID,Custer,$4.5840,2026-08-12
Idaho,ID,Elmore,$4.3730,2026-08-12
Idaho,ID,Franklin,$4.3290,2026-08-12
Idaho,ID,Fremont,$4.7490,2026-08-12
Idaho,ID,Gem,$4.4560,2026-08-12
Idaho,ID,Gooding,$4.4280,2026-08-12
Idaho,ID,Idaho,$4.3590,2026-08-12
Idaho,ID,Jefferson,$4.3450,2026-08-12
Idaho,ID,Jerome,$4.3920,2026-08-12
Idaho,ID,Kootenai,$4.2280,2026-08-12
Idaho,ID,Latah,$4.3650,2026-08-12
Idaho,ID,Lemhi,$4.5210,2026-08-12
Idaho,ID,Lewis,$4.3550,2026-08-12
Idaho,ID,Lincoln,$4.3960,2026-08-12
Idaho,ID,Madison,$4.2690,2026-08-12
Idaho,ID,Minidoka,$4.3750,2026-08-12
Idaho,ID,Nez perce,$4.2000,2026-08-12
Idaho,ID,Oneida,$4.3990,2026-08-12
Idaho,ID,Owyhee,$4.4390,2026-08-12
Idaho,ID,Payette,$4.5370,2026-08-12
Idaho,ID,Power,$4.3660,2026-08-12
Idaho,ID,Shoshone,$4.5250,2026-08-12
Idaho,ID,Teton,$4.3780,2026-08-12
Idaho,ID,Twin falls,$4.3980,2026-08-12
Idaho,ID,Valley,$4.6330,2026-08-12
Idaho,ID,Washington,$4.4670,2026-08-12
Illinois,IL,Adams,$4.2370,2026-08-12
Illinois,IL,Alexander,$4.6990,2026-08-12
Illinois,IL,Bond,$4.1900,2026-08-12
Illinois,IL,Boone,$4.1780,2026-08-12
Illinois,IL,Brown,$4.1660,2026-08-12
Illinois,IL,Bureau,$4.1780,2026-08-12
Illinois,IL,Calhoun,$4.0990,2026-08-12
Illinois,IL,Carroll,$4.1570,2026-08-12
Illinois,IL,Cass,$4.2950,2026-08-12
Illinois,IL,Champaign,$4.1860,2026-08-12
Illinois,IL,Christian,$4.2660,2026-08-12
Illinois,IL,Clark,$4.1810,2026-08-12
Illinois,IL,Clay,$4.2820,2026-08-12
Illinois,IL,Clinton,$4.2370,2026-08-12
Illinois,IL,Coles,$4.2310,2026-08-12
Illinois,IL,Cook,$4.4520,2026-08-12
Illinois,IL,Crawford,$4.2520,2026-08-12
Illinois,IL,Cumberland,$4.2820,2026-08-12
Illinois,IL,Dewitt,$4.2670,2026-08-12
Illinois,IL,De Kalb,$4.1850,2026-08-12
Illinois,IL,Douglas,$4.0660,2026-08-12
Illinois,IL,Du Page,$4.2100,2026-08-12
Illinois,IL,Edgar,$4.1490,2026-08-12
Illinois,IL,Edwards,$4.1660,2026-08-12
Illinois,IL,Effingham,$4.0160,2026-08-12
Illinois,IL,Fayette,$4.2390,2026-08-12
Illinois,IL,Ford,$4.2650,2026-08-12
Illinois,IL,Franklin,$4.2270,2026-08-12
Illinois,IL,Fulton,$4.1270,2026-08-12
Illinois,IL,Gallatin,$4.0990,2026-08-12
Illinois,IL,Greene,$4.2420,2026-08-12
Illinois,IL,Grundy,$4.0700,2026-08-12
Illinois,IL,Hamilton,$4.1990,2026-08-12
Illinois,IL,Hancock,$4.2500,2026-08-12
Illinois,IL,Hardin,$4.0990,2026-08-12
Illinois,IL,Henderson,$4.2390,2026-08-12
Illinois,IL,Henry,$4.2360,2026-08-12
Illinois,IL,Iroquois,$4.1230,2026-08-12
Illinois,IL,Jackson,$4.3180,2026-08-12
Illinois,IL,Jasper,$4.2990,2026-08-12
Illinois,IL,Jefferson,$4.2170,2026-08-12
Illinois,IL,Jersey,$4.2040,2026-08-12
Illinois,IL,Jo Daviess,$4.2160,2026-08-12
Illinois,IL,Johnson,$4.0510,2026-08-12
Illinois,IL,Kane,$4.1220,2026-08-12
Illinois,IL,Kankakee,$4.1970,2026-08-12
Illinois,IL,Kendall,$4.1180,2026-08-12
Illinois,IL,Knox,$4.2140,2026-08-12
Illinois,IL,La Salle,$4.1120,2026-08-12
Illinois,IL,Lake,$4.2140,2026-08-12
Illinois,IL,Lawrence,$4.2390,2026-08-12
Illinois,IL,Lee,$4.1710,2026-08-12
Illinois,IL,Livingston,$4.1520,2026-08-12
Illinois,IL,Logan,$4.0910,2026-08-12
Illinois,IL,Macon,$4.1580,2026-08-12
Illinois,IL,Macoupin,$4.2510,2026-08-12
Illinois,IL,Madison,$4.2420,2026-08-12
Illinois,IL,Marion,$4.2300,2026-08-12
Illinois,IL,Marshall,$4.2530,2026-08-12
Illinois,IL,Mason,$4.2560,2026-08-12
Illinois,IL,Massac,$4.1990,2026-08-12
Illinois,IL,McDonough,$4.1420,2026-08-12
Illinois,IL,McHenry,$4.1840,2026-08-12
Illinois,IL,McLean,$4.1560,2026-08-12
Illinois,IL,Menard,$4.2490,2026-08-12
Illinois,IL,Mercer,$4.2660,2026-08-12
Illinois,IL,Monroe,$4.3180,2026-08-12
Illinois,IL,Montgomery,$4.2310,2026-08-12
Illinois,IL,Morgan,$4.1860,2026-08-12
Illinois,IL,Moultrie,$4.2090,2026-08-12
Illinois,IL,Ogle,$4.0220,2026-08-12
Illinois,IL,Peoria,$4.3490,2026-08-12
Illinois,IL,Perry,$4.2420,2026-08-12
Illinois,IL,Piatt,$4.2720,2026-08-12
Illinois,IL,Pike,$4.1960,2026-08-12
Illinois,IL,Pope,$4.0990,2026-08-12
Illinois,IL,Pulaski,$4.3990,2026-08-12
Illinois,IL,Putnam,$4.2490,2026-08-12
Illinois,IL,Randolph,$4.2800,2026-08-12
Illinois,IL,Richland,$4.1640,2026-08-12
Illinois,IL,Rock Island,$4.2470,2026-08-12
Illinois,IL,Saline,$4.1390,2026-08-12
Illinois,IL,Sangamon,$4.1650,2026-08-12
Illinois,IL,Schuyler,$4.1650,2026-08-12
Illinois,IL,Scott,$3.9990,2026-08-12
Illinois,IL,Shelby,$4.1970,2026-08-12
Illinois,IL,Saint Clair,$4.2920,2026-08-12
Illinois,IL,Stark,$4.1620,2026-08-12
Illinois,IL,Stephenson,$4.3110,2026-08-12
Illinois,IL,Tazewell,$4.2670,2026-08-12
Illinois,IL,Union,$4.2740,2026-08-12
Illinois,IL,Vermilion,$4.1160,2026-08-12
Illinois,IL,Wabash,$4.0790,2026-08-12
Illinois,IL,Warren,$4.1540,2026-08-12
Illinois,IL,Washington,$4.3090,2026-08-12
Illinois,IL,Wayne,$4.1870,2026-08-12
Illinois,IL,White,$4.1300,2026-08-12
Illinois,IL,Whiteside,$4.1650,2026-08-12
Illinois,IL,Will,$4.1440,2026-08-12
Illinois,IL,Williamson,$4.1570,2026-08-12
Illinois,IL,Winnebago,$4.1840,2026-08-12
Illinois,IL,Woodford,$4.2300,2026-08-12
Indiana,IN,Adams,$3.5420,2026-08-12
Indiana,IN,Allen,$3.4730,2026-08-12
Indiana,IN,Bartholomew,$3.5470,2026-08-12
Indiana,IN,Benton,$3.5810,2026-08-12
Indiana,IN,Blackford,$3.5840,2026-08-12
Indiana,IN,Boone,$3.5400,2026-08-12
Indiana,IN,Brown,$3.6170,2026-08-12
Indiana,IN,Carroll,$3.5640,2026-08-12
Indiana,IN,Cass,$3.5940,2026-08-12
Indiana,IN,Clark,$3.2860,2026-08-12
Indiana,IN,Clay,$3.5640,2026-08-12
Indiana,IN,Clinton,$3.5700,2026-08-12
Indiana,IN,Crawford,$3.5650,2026-08-12
Indiana,IN,Daviess,$3.3770,2026-08-12
Indiana,IN,De Kalb,$3.4580,2026-08-12
Indiana,IN,Dearborn,$3.5070,2026-08-12
Indiana,IN,Decatur,$3.4270,2026-08-12
Indiana,IN,Delaware,$3.5140,2026-08-12
Indiana,IN,Dubois,$3.3190,2026-08-12
Indiana,IN,Elkhart,$3.5470,2026-08-12
Indiana,IN,Fayette,$3.5060,2026-08-12
Indiana,IN,Floyd,$3.3670,2026-08-12
Indiana,IN,Fountain,$3.5740,2026-08-12
Indiana,IN,Franklin,$3.6040,2026-08-12
Indiana,IN,Fulton,$3.5410,2026-08-12
Indiana,IN,Gibson,$3.4220,2026-08-12
Indiana,IN,Grant,$3.5200,2026-08-12
Indiana,IN,Greene,$3.3970,2026-08-12
Indiana,IN,Hamilton,$3.5920,2026-08-12
Indiana,IN,Hancock,$3.5550,2026-08-12
Indiana,IN,Harrison,$3.4250,2026-08-12
Indiana,IN,Hendricks,$3.5280,2026-08-12
Indiana,IN,Henry,$3.5830,2026-08-12
Indiana,IN,Howard,$3.5580,2026-08-12
Indiana,IN,Huntington,$3.5450,2026-08-12
Indiana,IN,Jackson,$3.5560,2026-08-12
Indiana,IN,Jasper,$3.6120,2026-08-12
Indiana,IN,Jay,$3.4550,2026-08-12
Indiana,IN,Jefferson,$3.6060,2026-08-12
Indiana,IN,Jennings,$3.6630,2026-08-12
Indiana,IN,Johnson,$3.5770,2026-08-12
Indiana,IN,Knox,$3.4070,2026-08-12
Indiana,IN,Kosciusko,$3.5170,2026-08-12
Indiana,IN,La Porte,$3.6260,2026-08-12
Indiana,IN,Lagrange,$3.6130,2026-08-12
Indiana,IN,Lake,$3.4580,2026-08-12
Indiana,IN,Lawrence,$3.5550,2026-08-12
Indiana,IN,Madison,$3.6080,2026-08-12
Indiana,IN,Marion,$3.5700,2026-08-12
Indiana,IN,Marshall,$3.5590,2026-08-12
Indiana,IN,Martin,$3.4320,2026-08-12
Indiana,IN,Miami,$3.6020,2026-08-12
Indiana,IN,Monroe,$3.6370,2026-08-12
Indiana,IN,Montgomery,$3.5520,2026-08-12
Indiana,IN,Morgan,$3.6400,2026-08-12
Indiana,IN,Newton,$3.4680,2026-08-12
Indiana,IN,Noble,$3.5430,2026-08-12
Indiana,IN,Ohio,$3.5660,2026-08-12
Indiana,IN,Orange,$3.3470,2026-08-12
Indiana,IN,Owen,$3.7070,2026-08-12
Indiana,IN,Parke,$3.4950,2026-08-12
Indiana,IN,Perry,$3.4320,2026-08-12
Indiana,IN,Pike,$3.3860,2026-08-12
Indiana,IN,Porter,$3.5640,2026-08-12
Indiana,IN,Posey,$3.3780,2026-08-12
Indiana,IN,Pulaski,$3.7210,2026-08-12
Indiana,IN,Putnam,$3.6510,2026-08-12
Indiana,IN,Randolph,$3.5350,2026-08-12
Indiana,IN,Ripley,$3.6080,2026-08-12
Indiana,IN,Rush,$3.6550,2026-08-12
Indiana,IN,Scott,$3.2850,2026-08-12
Indiana,IN,Shelby,$3.5700,2026-08-12
Indiana,IN,Spencer,$3.4270,2026-08-12
Indiana,IN,St Joseph,$3.5360,2026-08-12
Indiana,IN,Starke,$3.6460,2026-08-12
Indiana,IN,Steuben,$3.4390,2026-08-12
Indiana,IN,Sullivan,$3.4330,2026-08-12
Indiana,IN,Switzerland,$3.6290,2026-08-12
Indiana,IN,Tippecanoe,$3.4460,2026-08-12
Indiana,IN,Tipton,$3.6300,2026-08-12
Indiana,IN,Union,$3.5990,2026-08-12
Indiana,IN,Vanderburgh,$3.2570,2026-08-12
Indiana,IN,Vermillion,$3.5070,2026-08-12
Indiana,IN,Vigo,$3.4870,2026-08-12
Indiana,IN,Wabash,$3.5760,2026-08-12
Indiana,IN,Warren,$3.6620,2026-08-12
Indiana,IN,Warrick,$3.2990,2026-08-12
Indiana,IN,Washington,$3.3430,2026-08-12
Indiana,IN,Wayne,$3.5520,2026-08-12
Indiana,IN,Wells,$3.4160,2026-08-12
Indiana,IN,White,$3.6380,2026-08-12
Indiana,IN,Whitley,$3.5510,2026-08-12
Iowa,IA,Adair,$4.0090,2026-08-12
Iowa,IA,Adams,$3.7240,2026-08-12
Iowa,IA,Allamakee,$3.9080,2026-08-12
Iowa,IA,Appanoose,$3.6900,2026-08-12
Iowa,IA,Audubon,$3.9990,2026-08-12
Iowa,IA,Benton,$3.8060,2026-08-12
Iowa,IA,Black Hawk,$3.7190,2026-08-12
Iowa,IA,Boone,$3.7690,2026-08-12
Iowa,IA,Bremer,$3.9320,2026-08-12
Iowa,IA,Buchanan,$3.8580,2026-08-12
Iowa,IA,Buena Vista,$3.7730,2026-08-12
Iowa,IA,Butler,$3.8790,2026-08-12
Iowa,IA,Calhoun,$3.9160,2026-08-12
Iowa,IA,Carroll,$3.9990,2026-08-12
Iowa,IA,Cass,$3.8060,2026-08-12
Iowa,IA,Cedar,$3.7910,2026-08-12
Iowa,IA,Cerro Gordo,$3.7440,2026-08-12
Iowa,IA,Cherokee,$3.8320,2026-08-12
Iowa,IA,Chickasaw,$3.9010,2026-08-12
Iowa,IA,Clarke,$3.9090,2026-08-12
Iowa,IA,Clay,$3.8220,2026-08-12
Iowa,IA,Clayton,$3.9100,2026-08-12
Iowa,IA,Clinton,$3.7730,2026-08-12
Iowa,IA,Crawford,$3.7960,2026-08-12
Iowa,IA,Dallas,$3.7800,2026-08-12
Iowa,IA,Davis,$3.4520,2026-08-12
Iowa,IA,Decatur,$3.8740,2026-08-12
Iowa,IA,Delaware,$3.8680,2026-08-12
Iowa,IA,Des Moines,$3.6990,2026-08-12
Iowa,IA,Dickinson,$3.8720,2026-08-12
Iowa,IA,Dubuque,$3.9220,2026-08-12
Iowa,IA,Emmet,$3.9660,2026-08-12
Iowa,IA,Fayette,$3.9020,2026-08-12
Iowa,IA,Floyd,$3.7990,2026-08-12
Iowa,IA,Franklin,$3.8990,2026-08-12
Iowa,IA,Fremont,$3.9420,2026-08-12
Iowa,IA,Greene,$3.8730,2026-08-12
Iowa,IA,Grundy,$3.7430,2026-08-12
Iowa,IA,Guthrie,$3.8980,2026-08-12
Iowa,IA,Hamilton,$3.8110,2026-08-12
Iowa,IA,Hancock,$3.9190,2026-08-12
Iowa,IA,Hardin,$3.8540,2026-08-12
Iowa,IA,Harrison,$3.8230,2026-08-12
Iowa,IA,Henry,$3.4990,2026-08-12
Iowa,IA,Howard,$3.7890,2026-08-12
Iowa,IA,Humboldt,$3.9390,2026-08-12
Iowa,IA,Ida,$3.8180,2026-08-12
Iowa,IA,Iowa,$3.6680,2026-08-12
Iowa,IA,Jackson,$3.8670,2026-08-12
Iowa,IA,Jasper,$3.5910,2026-08-12
Iowa,IA,Jefferson,$3.5300,2026-08-12
Iowa,IA,Johnson,$3.8580,2026-08-12
Iowa,IA,Jones,$3.8660,2026-08-12
Iowa,IA,Keokuk,$3.5320,2026-08-12
Iowa,IA,Kossuth,$3.8210,2026-08-12
Iowa,IA,Lee,$3.8240,2026-08-12
Iowa,IA,Linn,$3.7760,2026-08-12
Iowa,IA,Louisa,$3.8270,2026-08-12
Iowa,IA,Lucas,$3.8370,2026-08-12
Iowa,IA,Lyon,$3.9500,2026-08-12
Iowa,IA,Madison,$3.7390,2026-08-12
Iowa,IA,Mahaska,$3.3190,2026-08-12
Iowa,IA,Marion,$3.6250,2026-08-12
Iowa,IA,Marshall,$3.8520,2026-08-12
Iowa,IA,Mills,$3.7580,2026-08-12
Iowa,IA,Mitchell,$3.9410,2026-08-12
Iowa,IA,Monona,$3.8370,2026-08-12
Iowa,IA,Monroe,$3.4060,2026-08-12
Iowa,IA,Montgomery,$3.8890,2026-08-12
Iowa,IA,Muscatine,$3.8810,2026-08-12
Iowa,IA,O'Brien,,2026-08-12
Iowa,IA,Osceola,$3.9190,2026-08-12
Iowa,IA,Page,$3.8490,2026-08-12
Iowa,IA,Palo Alto,$3.8910,2026-08-12
Iowa,IA,Plymouth,$4.0590,2026-08-12
Iowa,IA,Pocahontas,$3.8520,2026-08-12
Iowa,IA,Polk,$3.7660,2026-08-12
Iowa,IA,Pottawattamie,$3.7950,2026-08-12
Iowa,IA,Poweshiek,$3.7940,2026-08-12
Iowa,IA,Ringgold,$3.7990,2026-08-12
Iowa,IA,Sac,$3.8890,2026-08-12
Iowa,IA,Scott,$3.7610,2026-08-12
Iowa,IA,Shelby,$3.5790,2026-08-12
Iowa,IA,Sioux,$3.9190,2026-08-12
Iowa,IA,Story,$3.8040,2026-08-12
Iowa,IA,Tama,$3.8680,2026-08-12
Iowa,IA,Taylor,$3.8660,2026-08-12
Iowa,IA,Union,$3.7890,2026-08-12
Iowa,IA,Van Buren,$3.6730,2026-08-12
Iowa,IA,Wapello,$3.4410,2026-08-12
Iowa,IA,Warren,$3.7440,2026-08-12
Iowa,IA,Washington,$3.7990,2026-08-12
Iowa,IA,Wayne,$3.8440,2026-08-12
Iowa,IA,Webster,$3.8720,2026-08-12
Iowa,IA,Winnebago,$3.8930,2026-08-12
Iowa,IA,Winneshiek,$3.9090,2026-08-12
Iowa,IA,Woodbury,$3.7510,2026-08-12
Iowa,IA,Worth,$3.7300,2026-08-12
Iowa,IA,Wright,$3.8780,2026-08-12
Kansas,KS,Allen,$3.8990,2026-08-12
Kansas,KS,Anderson,$3.8370,2026-08-12
Kansas,KS,Atchison,$3.8080,2026-08-12
Kansas,KS,Barber,$3.9270,2026-08-12
Kansas,KS,Barton,$3.7790,2026-08-12
Kansas,KS,Bourbon,$3.8100,2026-08-12
Kansas,KS,Brown,$3.7560,2026-08-12
Kansas,KS,Butler,$3.8490,2026-08-12
Kansas,KS,Chase,$3.8260,2026-08-12
Kansas,KS,Chautauqua,$3.7820,2026-08-12
Kansas,KS,Cherokee,$3.7000,2026-08-12
Kansas,KS,Cheyenne,$3.8890,2026-08-12
Kansas,KS,Clark,$3.9690,2026-08-12
Kansas,KS,Clay,$3.8990,2026-08-12
Kansas,KS,Cloud,$3.8860,2026-08-12
Kansas,KS,Coffey,$3.8020,2026-08-12
Kansas,KS,Comanche,$3.9120,2026-08-12
Kansas,KS,Cowley,$3.7920,2026-08-12
Kansas,KS,Crawford,$3.8120,2026-08-12
Kansas,KS,Decatur,$3.7390,2026-08-12
Kansas,KS,Dickinson,$3.5590,2026-08-12
Kansas,KS,Doniphan,$3.7990,2026-08-12
Kansas,KS,Douglas,$3.7400,2026-08-12
Kansas,KS,Edwards,$3.7640,2026-08-12
Kansas,KS,Elk,$3.8990,2026-08-12
Kansas,KS,Ellis,$3.7890,2026-08-12
Kansas,KS,Ellsworth,$3.8350,2026-08-12
Kansas,KS,Finney,$3.5480,2026-08-12
Kansas,KS,Ford,$3.6880,2026-08-12
Kansas,KS,Franklin,$3.7300,2026-08-12
Kansas,KS,Geary,$3.7780,2026-08-12
Kansas,KS,Gove,$3.7860,2026-08-12
Kansas,KS,Graham,$3.8090,2026-08-12
Kansas,KS,Grant,$3.7860,2026-08-12
Kansas,KS,Gray,$3.6690,2026-08-12
Kansas,KS,Greeley,$3.9990,2026-08-12
Kansas,KS,Greenwood,$3.7870,2026-08-12
Kansas,KS,Hamilton,$3.6990,2026-08-12
Kansas,KS,Harper,$3.7350,2026-08-12
Kansas,KS,Harvey,$3.7830,2026-08-12
Kansas,KS,Haskell,$3.7490,2026-08-12
Kansas,KS,Hodgeman,$3.6790,2026-08-12
Kansas,KS,Jackson,$3.7730,2026-08-12
Kansas,KS,Jefferson,$3.8570,2026-08-12
Kansas,KS,Jewell,$3.7540,2026-08-12
Kansas,KS,Johnson,$3.8130,2026-08-12
Kansas,KS,Kearny,$3.7470,2026-08-12
Kansas,KS,Kingman,$3.7890,2026-08-12
Kansas,KS,Kiowa,$4.0320,2026-08-12
Kansas,KS,Labette,$3.8140,2026-08-12
Kansas,KS,Lane,$3.8660,2026-08-12
Kansas,KS,Leavenworth,$3.7470,2026-08-12
Kansas,KS,Lincoln,,2026-08-12
Kansas,KS,Linn,$3.8830,2026-08-12
Kansas,KS,Logan,$3.7590,2026-08-12
Kansas,KS,Lyon,$3.5380,2026-08-12
Kansas,KS,Marion,$3.7280,2026-08-12
Kansas,KS,Marshall,$3.8040,2026-08-12
Kansas,KS,Mcpherson,$3.6590,2026-08-12
Kansas,KS,Meade,$3.7120,2026-08-12
Kansas,KS,Miami,$3.8550,2026-08-12
Kansas,KS,Mitchell,$3.7740,2026-08-12
Kansas,KS,Montgomery,$3.8340,2026-08-12
Kansas,KS,Morris,$3.7340,2026-08-12
Kansas,KS,Morton,$3.7190,2026-08-12
Kansas,KS,Nemaha,$3.8660,2026-08-12
Kansas,KS,Neosho,$3.7900,2026-08-12
Kansas,KS,Ness,$3.7330,2026-08-12
Kansas,KS,Norton,$3.7360,2026-08-12
Kansas,KS,Osage,$3.7760,2026-08-12
Kansas,KS,Osborne,$3.7340,2026-08-12
Kansas,KS,Ottawa,$3.8490,2026-08-12
Kansas,KS,Pawnee,$3.8160,2026-08-12
Kansas,KS,Phillips,$3.7740,2026-08-12
Kansas,KS,Pottawatomie,$3.8740,2026-08-12
Kansas,KS,Pratt,$3.8210,2026-08-12
Kansas,KS,Rawlins,$3.8990,2026-08-12
Kansas,KS,Reno,$3.5900,2026-08-12
Kansas,KS,Republic,$3.7990,2026-08-12
Kansas,KS,Rice,$3.8490,2026-08-12
Kansas,KS,Riley,$3.8340,2026-08-12
Kansas,KS,Rooks,$3.7170,2026-08-12
Kansas,KS,Rush,$3.7440,2026-08-12
Kansas,KS,Russell,$3.6060,2026-08-12
Kansas,KS,Saline,$3.7020,2026-08-12
Kansas,KS,Scott,$3.6430,2026-08-12
Kansas,KS,Sedgwick,$3.8630,2026-08-12
Kansas,KS,Seward,$3.7180,2026-08-12
Kansas,KS,Shawnee,$3.7540,2026-08-12
Kansas,KS,Sheridan,$3.7460,2026-08-12
Kansas,KS,Sherman,$3.7560,2026-08-12
Kansas,KS,Smith,$3.7360,2026-08-12
Kansas,KS,Stafford,$3.7390,2026-08-12
Kansas,KS,Stanton,$3.9990,2026-08-12
Kansas,KS,Stevens,$3.7490,2026-08-12
Kansas,KS,Sumner,$3.8840,2026-08-12
Kansas,KS,Thomas,$3.6680,2026-08-12
Kansas,KS,Trego,$3.8070,2026-08-12
Kansas,KS,Wabaunsee,$3.6190,2026-08-12
Kansas,KS,Wallace,$4.0990,2026-08-12
Kansas,KS,Washington,$3.8270,2026-08-12
Kansas,KS,Wichita,$3.7240,2026-08-12
Kansas,KS,Wilson,$3.8350,2026-08-12
Kansas,KS,Woodson,$3.8990,2026-08-12
Kansas,KS,Wyandotte,$3.7860,2026-08-12
Kentucky,KY,Adair,$3.5210,2026-08-12
Kentucky,KY,Allen,$3.5160,2026-08-12
Kentucky,KY,Anderson,$3.6120,2026-08-12
Kentucky,KY,Ballard,$3.5840,2026-08-12
Kentucky,KY,Barren,$3.5240,2026-08-12
Kentucky,KY,Bath,$3.6860,2026-08-12
Kentucky,KY,Bell,$3.4800,2026-08-12
Kentucky,KY,Boone,$3.7500,2026-08-12
Kentucky,KY,Bourbon,$3.5180,2026-08-12
Kentucky,KY,Boyd,$3.7870,2026-08-12
Kentucky,KY,Boyle,$3.5220,2026-08-12
Kentucky,KY,Bracken,$3.6710,2026-08-12
Kentucky,KY,Breathitt,$3.7990,2026-08-12
Kentucky,KY,Breckinridge,$3.5180,2026-08-12
Kentucky,KY,Bullitt,$3.4260,2026-08-12
Kentucky,KY,Butler,$3.6920,2026-08-12
Kentucky,KY,Caldwell,$3.5890,2026-08-12
Kentucky,KY,Calloway,$3.6560,2026-08-12
Kentucky,KY,Campbell,$3.8530,2026-08-12
Kentucky,KY,Carlisle,$3.6990,2026-08-12
Kentucky,KY,Carroll,$3.5640,2026-08-12
Kentucky,KY,Carter,$3.6370,2026-08-12
Kentucky,KY,Casey,$3.5700,2026-08-12
Kentucky,KY,Christian,$3.4020,2026-08-12
Kentucky,KY,Clark,$3.4980,2026-08-12
Kentucky,KY,Clay,$3.4640,2026-08-12
Kentucky,KY,Clinton,$3.6990,2026-08-12
Kentucky,KY,Crittenden,$3.4990,2026-08-12
Kentucky,KY,Cumberland,$3.6870,2026-08-12
Kentucky,KY,Daviess,$3.4770,2026-08-12
Kentucky,KY,Edmonson,$3.7790,2026-08-12
Kentucky,KY,Elliott,$3.7990,2026-08-12
Kentucky,KY,Estill,$3.6950,2026-08-12
Kentucky,KY,Fayette,$3.6050,2026-08-12
Kentucky,KY,Fleming,$3.6890,2026-08-12
Kentucky,KY,Floyd,$3.5790,2026-08-12
Kentucky,KY,Franklin,$3.5770,2026-08-12
Kentucky,KY,Fulton,$3.6080,2026-08-12
Kentucky,KY,Gallatin,$3.7040,2026-08-12
Kentucky,KY,Garrard,$3.5630,2026-08-12
Kentucky,KY,Grant,$3.6850,2026-08-12
Kentucky,KY,Graves,$3.5560,2026-08-12
Kentucky,KY,Grayson,$3.6340,2026-08-12
Kentucky,KY,Green,$3.4910,2026-08-12
Kentucky,KY,Greenup,$3.7230,2026-08-12
Kentucky,KY,Hancock,$3.5130,2026-08-12
Kentucky,KY,Hardin,$3.4430,2026-08-12
Kentucky,KY,Harlan,$3.7450,2026-08-12
Kentucky,KY,Harrison,$3.5350,2026-08-12
Kentucky,KY,Hart,$3.5470,2026-08-12
Kentucky,KY,Henderson,$3.3140,2026-08-12
Kentucky,KY,Henry,$3.5550,2026-08-12
Kentucky,KY,Hickman,$3.6990,2026-08-12
Kentucky,KY,Hopkins,$3.6790,2026-08-12
Kentucky,KY,Jackson,$3.6490,2026-08-12
Kentucky,KY,Jefferson,$3.4370,2026-08-12
Kentucky,KY,Jessamine,$3.4760,2026-08-12
Kentucky,KY,Johnson,$3.8260,2026-08-12
Kentucky,KY,Kenton,$3.7410,2026-08-12
Kentucky,KY,Knott,$3.7160,2026-08-12
Kentucky,KY,Knox,$3.6390,2026-08-12
Kentucky,KY,Larue,$3.5940,2026-08-12
Kentucky,KY,Laurel,$3.4860,2026-08-12
Kentucky,KY,Lawrence,$3.5390,2026-08-12
Kentucky,KY,Lee,$3.7650,2026-08-12
Kentucky,KY,Leslie,$3.7790,2026-08-12
Kentucky,KY,Letcher,$3.7130,2026-08-12
Kentucky,KY,Lewis,$3.7740,2026-08-12
Kentucky,KY,Lincoln,$3.5150,2026-08-12
Kentucky,KY,Livingston,$3.6970,2026-08-12
Kentucky,KY,Logan,$3.5650,2026-08-12
Kentucky,KY,Lyon,$3.5770,2026-08-12
Kentucky,KY,Madison,$3.6040,2026-08-12
Kentucky,KY,Magoffin,$3.8990,2026-08-12
Kentucky,KY,Marion,$3.5600,2026-08-12
Kentucky,KY,Marshall,$3.5360,2026-08-12
Kentucky,KY,Martin,$3.7210,2026-08-12
Kentucky,KY,Mason,$3.6220,2026-08-12
Kentucky,KY,McCracken,$3.5590,2026-08-12
Kentucky,KY,McCreary,$3.6210,2026-08-12
Kentucky,KY,McLean,$3.6760,2026-08-12
Kentucky,KY,Meade,$3.5490,2026-08-12
Kentucky,KY,Menifee,$3.6990,2026-08-12
Kentucky,KY,Mercer,$3.5840,2026-08-12
Kentucky,KY,Metcalfe,$3.5050,2026-08-12
Kentucky,KY,Monroe,$3.5420,2026-08-12
Kentucky,KY,Montgomery,$3.5500,2026-08-12
Kentucky,KY,Morgan,$3.7510,2026-08-12
Kentucky,KY,Muhlenberg,$3.6300,2026-08-12
Kentucky,KY,Nelson,$3.5430,2026-08-12
Kentucky,KY,Nicholas,$3.6060,2026-08-12
Kentucky,KY,Ohio,$3.7320,2026-08-12
Kentucky,KY,Oldham,$3.5070,2026-08-12
Kentucky,KY,Owen,$3.8310,2026-08-12
Kentucky,KY,Owsley,$3.6990,2026-08-12
Kentucky,KY,Pendleton,$3.8010,2026-08-12
Kentucky,KY,Perry,$3.7050,2026-08-12
Kentucky,KY,Pike,$3.5640,2026-08-12
Kentucky,KY,Powell,$3.6150,2026-08-12
Kentucky,KY,Pulaski,$3.6310,2026-08-12
Kentucky,KY,Robertson,$3.5790,2026-08-12
Kentucky,KY,Rockcastle,$3.7630,2026-08-12
Kentucky,KY,Rowan,$3.6490,2026-08-12
Kentucky,KY,Russell,$3.5830,2026-08-12
Kentucky,KY,Scott,$3.4730,2026-08-12
Kentucky,KY,Shelby,$3.4490,2026-08-12
Kentucky,KY,Simpson,$3.4550,2026-08-12
Kentucky,KY,Spencer,$3.5920,2026-08-12
Kentucky,KY,Taylor,$3.5980,2026-08-12
Kentucky,KY,Todd,$3.4430,2026-08-12
Kentucky,KY,Trigg,$3.7310,2026-08-12
Kentucky,KY,Trimble,$3.7110,2026-08-12
Kentucky,KY,Union,$3.7220,2026-08-12
Kentucky,KY,Warren,$3.4500,2026-08-12
Kentucky,KY,Washington,$3.6260,2026-08-12
Kentucky,KY,Wayne,$3.5180,2026-08-12
Kentucky,KY,Webster,$3.6490,2026-08-12
Kentucky,KY,Whitley,$3.4830,2026-08-12
Kentucky,KY,Wolfe,$3.8330,2026-08-12
Kentucky,KY,Woodford,$3.6440,2026-08-12
Louisiana,LA,Acadia,$3.5900,2026-08-12
Louisiana,LA,Allen,$3.7820,2026-08-12
Louisiana,LA,Ascension,$3.5670,2026-08-12
Louisiana,LA,Assumption,$3.6650,2026-08-12
Louisiana,LA,Avoyelles,$3.6290,2026-08-12
Louisiana,LA,Beauregard,$3.6540,2026-08-12
Louisiana,LA,Bienville,$3.7110,2026-08-12
Louisiana,LA,Bossier,$3.4460,2026-08-12
Louisiana,LA,Caddo,$3.5670,2026-08-12
Louisiana,LA,Calcasieu,$3.6870,2026-08-12
Louisiana,LA,Caldwell,$3.6550,2026-08-12
Louisiana,LA,Cameron,$4.0390,2026-08-12
Louisiana,LA,Catahoula,$3.5990,2026-08-12
Louisiana,LA,Claiborne,$3.8150,2026-08-12
Louisiana,LA,Concordia,$3.3500,2026-08-12
Louisiana,LA,De Soto,$3.6520,2026-08-12
Louisiana,LA,East Baton Rouge,$3.4670,2026-08-12
Louisiana,LA,East Carroll,$3.7990,2026-08-12
Louisiana,LA,East Feliciana,$3.7070,2026-08-12
Louisiana,LA,Evangeline,$3.6920,2026-08-12
Louisiana,LA,Franklin,$3.6880,2026-08-12
Louisiana,LA,Grant,$3.6430,2026-08-12
Louisiana,LA,Iberia,$3.5580,2026-08-12
Louisiana,LA,Iberville,$3.6700,2026-08-12
Louisiana,LA,Jackson,$3.6330,2026-08-12
Louisiana,LA,Jefferson,$3.4600,2026-08-12
Louisiana,LA,Jefferson Davis,$3.8020,2026-08-12
Louisiana,LA,La Salle,$3.6710,2026-08-12
Louisiana,LA,Lafayette,$3.5610,2026-08-12
Louisiana,LA,Lafourche,$3.7160,2026-08-12
Louisiana,LA,Lincoln,$3.3550,2026-08-12
Louisiana,LA,Livingston,$3.4540,2026-08-12
Louisiana,LA,Madison,$3.6990,2026-08-12
Louisiana,LA,Morehouse,$3.5730,2026-08-12
Louisiana,LA,Natchitoches,$3.5730,2026-08-12
Louisiana,LA,Orleans,$3.5510,2026-08-12
Louisiana,LA,Ouachita,$3.4360,2026-08-12
Louisiana,LA,Plaquemines,$3.9040,2026-08-12
Louisiana,LA,Pointe Coupee,$3.6500,2026-08-12
Louisiana,LA,Rapides,$3.5300,2026-08-12
Louisiana,LA,Red River,$3.6670,2026-08-12
Louisiana,LA,Richland,$3.5470,2026-08-12
Louisiana,LA,Sabine,$3.6740,2026-08-12
Louisiana,LA,Saint Bernard,$3.4430,2026-08-12
Louisiana,LA,Saint Charles,$3.5560,2026-08-12
Louisiana,LA,Saint Helena,$3.6520,2026-08-12
Louisiana,LA,Saint James,$3.7640,2026-08-12
Louisiana,LA,St John the Baptist,$3.6080,2026-08-12
Louisiana,LA,Saint Landry,$3.5590,2026-08-12
Louisiana,LA,Saint Martin,$3.5020,2026-08-12
Louisiana,LA,Saint Mary,$3.6890,2026-08-12
Louisiana,LA,Saint Tammany,$3.5160,2026-08-12
Louisiana,LA,Tangipahoa,$3.5400,2026-08-12
Louisiana,LA,Tensas,$3.6990,2026-08-12
Louisiana,LA,Terrebonne,$3.5940,2026-08-12
Louisiana,LA,Union,$3.4920,2026-08-12
Louisiana,LA,Vermilion,$3.6800,2026-08-12
Louisiana,LA,Vernon,$3.7870,2026-08-12
Louisiana,LA,Washington,$3.6610,2026-08-12
Louisiana,LA,Webster,$3.6440,2026-08-12
Louisiana,LA,West Baton Rouge,$3.5280,2026-08-12
Louisiana,LA,West Carroll,$3.5870,2026-08-12
Louisiana,LA,West Feliciana,$3.8060,2026-08-12
Louisiana,LA,Winn,$3.6600,2026-08-12
Maine,ME,Androscoggin,$4.0490,2026-08-12
Maine,ME,Aroostook,$4.1060,2026-08-12
Maine,ME,Cumberland,$4.0110,2026-08-12
Maine,ME,Franklin,$3.9880,2026-08-12
Maine,ME,Hancock,$4.1380,2026-08-12
Maine,ME,Kennebec,$4.0100,2026-08-12
Maine,ME,Knox,$3.9150,2026-08-12
Maine,ME,Lincoln,$3.9310,2026-08-12
Maine,ME,Oxford,$4.0360,2026-08-12
Maine,ME,Penobscot,$4.0610,2026-08-12
Maine,ME,Piscataquis,$4.1030,2026-08-12
Maine,ME,Sagadahoc,$4.1580,2026-08-12
Maine,ME,Somerset,$3.9640,2026-08-12
Maine,ME,Waldo,$3.9330,2026-08-12
Maine,ME,Washington,$4.1670,2026-08-12
Maine,ME,York,$3.9540,2026-08-12
Montana,MT,Beaverhead,$4.3080,2026-08-12
Montana,MT,Big Horn,$4.2180,2026-08-12
Montana,MT,Blaine,$4.2970,2026-08-12
Montana,MT,Broadwater,$4.1940,2026-08-12
Montana,MT,Carbon,$4.2490,2026-08-12
Montana,MT,Carter,$4.3240,2026-08-12
Montana,MT,Cascade,$4.2750,2026-08-12
Montana,MT,Chouteau,$4.3160,2026-08-12
Montana,MT,Custer,$4.1280,2026-08-12
Montana,MT,Daniels,$4.1860,2026-08-12
Montana,MT,Dawson,$4.0870,2026-08-12
Montana,MT,Deer Lodge,$4.2470,2026-08-12
Montana,MT,Fallon,$4.0740,2026-08-12
Montana,MT,Fergus,$4.3440,2026-08-12
Montana,MT,Flathead,$4.3010,2026-08-12
Montana,MT,Gallatin,$4.3060,2026-08-12
Montana,MT,Garfield,$4.2040,2026-08-12
Montana,MT,Glacier,$4.6420,2026-08-12
Montana,MT,Golden Valley,$4.4240,2026-08-12
Montana,MT,Granite,$4.2540,2026-08-12
Montana,MT,Hill,$4.3030,2026-08-12
Montana,MT,Jefferson,$4.1970,2026-08-12
Montana,MT,Judith Basin,$4.2790,2026-08-12
Montana,MT,Lake,$4.2280,2026-08-12
Montana,MT,Lewis and Clark,$4.2490,2026-08-12
Montana,MT,Liberty,$4.3590,2026-08-12
Montana,MT,Lincoln,$4.3190,2026-08-12
Montana,MT,Madison,$4.2130,2026-08-12
Montana,MT,McCone,$4.0820,2026-08-12
Montana,MT,Meagher,$4.2640,2026-08-12
Montana,MT,Mineral,$4.3460,2026-08-12
Montana,MT,Missoula,$4.1670,2026-08-12
Montana,MT,Musselshell,$4.3660,2026-08-12
Montana,MT,Park,$4.4500,2026-08-12
Montana,MT,Petroleum,$4.7690,2026-08-12
Montana,MT,Phillips,$4.1990,2026-08-12
Montana,MT,Pondera,$4.3490,2026-08-12
Montana,MT,Powder River,$4.4290,2026-08-12
Montana,MT,Powell,$4.2340,2026-08-12
Montana,MT,Prairie,$4.0640,2026-08-12
Montana,MT,Ravalli,$4.1820,2026-08-12
Montana,MT,Richland,$4.0880,2026-08-12
Montana,MT,Roosevelt,$3.9580,2026-08-12
Montana,MT,Rosebud,$4.1530,2026-08-12
Montana,MT,Sanders,$4.2610,2026-08-12
Montana,MT,Sheridan,$4.0620,2026-08-12
Montana,MT,Silver Bow,$4.2220,2026-08-12
Montana,MT,Stillwater,$4.3060,2026-08-12
Montana,MT,Sweet Grass,$4.2420,2026-08-12
Montana,MT,Teton,$4.3130,2026-08-12
Montana,MT,Toole,$4.3790,2026-08-12
Montana,MT,Treasure,$4.2490,2026-08-12
Montana,MT,Valley,$4.1790,2026-08-12
Montana,MT,Wheatland,$4.5790,2026-08-12
Montana,MT,Wibaux,$4.0390,2026-08-12
Montana,MT,Yellowstone,$4.2650,2026-08-12
