State,Regular,Mid-Grade,Premium,Diesel,Date
Alabama,$2.752,$3.173,$3.570,$3.352,2024-11-16
Alabama,$2.747,$3.159,$3.550,$3.349,2024-11-17
Alabama,$2.739,$3.142,$3.531,$3.330,2024-11-18
Alabama,$2.752,$3.177,$3.564,$3.344,2024-11-19
Alabama,$2.770,$3.208,$3.600,$3.346,2024-11-20
Alabama,$2.772,$3.204,$3.605,$3.343,2024-11-21
Alabama,$2.770,$3.208,$3.605,$3.343,2024-11-22
Alabama,$2.764,$3.203,$3.592,$3.340,2024-11-23
Alabama,$2.761,$3.198,$3.595,$3.337,2024-11-24
Alabama,$2.756,$3.176,$3.567,$3.325,2024-11-25
Alabama,$2.756,$3.184,$3.573,$3.342,2024-11-26
Alabama,$2.750,$3.181,$3.582,$3.344,2024-11-27
Alabama,$2.742,$3.175,$3.578,$3.339,2024-11-28
Alabama,$2.737,$3.171,$3.561,$3.336,2024-11-29
Alabama,$2.730,$3.160,$3.549,$3.323,2024-11-30
Alabama,$2.730,$3.156,$3.546,$3.324,2024-12-01
Alabama,$2.724,$3.141,$3.524,$3.319,2024-12-02
Alabama,$2.747,$3.186,$3.568,$3.351,2024-12-03
Alabama,$2.763,$3.217,$3.607,$3.363,2024-12-04
Alabama,$2.764,$3.218,$3.604,$3.363,2024-12-05
Alabama,$2.758,$3.208,$3.599,$3.360,2024-12-06
Alabama,$2.749,$3.199,$3.595,$3.355,2024-12-07
Alabama,$2.744,$3.181,$3.566,$3.352,2024-12-08
Alabama,$2.737,$3.164,$3.543,$3.339,2024-12-09
Alabama,$2.730,$3.173,$3.566,$3.343,2024-12-10
Alabama,$2.724,$3.167,$3.562,$3.341,2024-12-11
Alabama,$2.719,$3.155,$3.555,$3.339,2024-12-12
Alabama,$2.717,$3.152,$3.554,$3.340,2024-12-13
Alabama,$2.712,$3.142,$3.541,$3.339,2024-12-14
Alabama,$2.709,$3.139,$3.530,$3.331,2024-12-15
Alabama,$2.705,$3.127,$3.519,$3.320,2024-12-16
Alabama,$2.730,$3.159,$3.553,$3.331,2024-12-17
Alabama,$2.754,$3.198,$3.593,$3.348,2024-12-18
Alaska,$3.518,$3.753,$4.010,$3.611,2024-11-16
Alaska,$3.514,$3.757,$4.003,$3.614,2024-11-17
Alaska,$3.498,$3.739,$3.966,$3.618,2024-11-18
Alaska,$3.494,$3.749,$3.968,$3.624,2024-11-19
Alaska,$3.493,$3.758,$3.984,$3.619,2024-11-20
Alaska,$3.491,$3.767,$3.989,$3.625,2024-11-21
Alaska,$3.487,$3.725,$3.974,$3.621,2024-11-22
Alaska,$3.486,$3.723,$3.982,$3.614,2024-11-23
Alaska,$3.491,$3.730,$3.975,$3.609,2024-11-24
Alaska,$3.477,$3.727,$3.945,$3.606,2024-11-25
Alaska,$3.482,$3.753,$3.933,$3.590,2024-11-26
Alaska,$3.480,$3.758,$3.927,$3.594,2024-11-27
Alaska,$3.473,$3.730,$3.914,$3.591,2024-11-28
Alaska,$3.471,$3.706,$3.893,$3.585,2024-11-29
Alaska,$3.431,$3.699,$3.868,$3.555,2024-11-30
Alaska,$3.458,$3.722,$3.910,$3.570,2024-12-01
Alaska,$3.456,$3.692,$3.910,$3.577,2024-12-02
Alaska,$3.457,$3.707,$3.929,$3.572,2024-12-03
Alaska,$3.463,$3.703,$3.912,$3.579,2024-12-04
Alaska,$3.454,$3.679,$3.884,$3.580,2024-12-05
Alaska,$3.447,$3.656,$3.893,$3.604,2024-12-06
Alaska,$3.443,$3.666,$3.885,$3.586,2024-12-07
Alaska,$3.424,$3.660,$3.886,$3.565,2024-12-08
Alaska,$3.402,$3.660,$3.861,$3.546,2024-12-09
Alaska,$3.420,$3.646,$3.869,$3.566,2024-12-10
Alaska,$3.410,$3.655,$3.851,$3.562,2024-12-11
Alaska,$3.390,$3.648,$3.845,$3.552,2024-12-12
Alaska,$3.377,$3.629,$3.813,$3.566,2024-12-13
Alaska,$3.378,$3.636,$3.819,$3.561,2024-12-14
Alaska,$3.371,$3.620,$3.816,$3.574,2024-12-15
Alaska,$3.353,$3.615,$3.830,$3.554,2024-12-16
Alaska,$3.352,$3.607,$3.816,$3.536,2024-12-17
Alaska,$3.349,$3.590,$3.774,$3.552,2024-12-18
Arizona,$3.170,$3.496,$3.820,$3.525,2024-11-16
Arizona,$3.166,$3.488,$3.813,$3.522,2024-11-17
Arizona,$3.168,$3.481,$3.805,$3.512,2024-11-18
Arizona,$3.183,$3.505,$3.829,$3.514,2024-11-19
Arizona,$3.217,$3.545,$3.864,$3.518,2024-11-20
Arizona,$3.224,$3.554,$3.871,$3.521,2024-11-21
Arizona,$3.224,$3.552,$3.875,$3.517,2024-11-22
Arizona,$3.220,$3.549,$3.868,$3.517,2024-11-23
Arizona,$3.217,$3.548,$3.867,$3.517,2024-11-24
Arizona,$3.215,$3.542,$3.868,$3.506,2024-11-25
Arizona,$3.214,$3.543,$3.870,$3.522,2024-11-26
Arizona,$3.208,$3.539,$3.863,$3.543,2024-11-27
Arizona,$3.204,$3.535,$3.858,$3.546,2024-11-28
Arizona,$3.202,$3.529,$3.857,$3.550,2024-11-29
Arizona,$3.198,$3.527,$3.853,$3.547,2024-11-30
Arizona,$3.200,$3.527,$3.850,$3.545,2024-12-01
Arizona,$3.197,$3.526,$3.848,$3.543,2024-12-02
Arizona,$3.191,$3.524,$3.841,$3.543,2024-12-03
Arizona,$3.188,$3.520,$3.839,$3.539,2024-12-04
Arizona,$3.188,$3.522,$3.844,$3.537,2024-12-05
Arizona,$3.183,$3.516,$3.841,$3.536,2024-12-06
Arizona,$3.175,$3.513,$3.838,$3.532,2024-12-07
Arizona,$3.172,$3.506,$3.832,$3.527,2024-12-08
Arizona,$3.175,$3.499,$3.825,$3.520,2024-12-09
Arizona,$3.166,$3.496,$3.815,$3.521,2024-12-10
Arizona,$3.157,$3.487,$3.809,$3.516,2024-12-11
Arizona,$3.148,$3.474,$3.805,$3.511,2024-12-12
Arizona,$3.139,$3.465,$3.791,$3.502,2024-12-13
Arizona,$3.131,$3.457,$3.779,$3.502,2024-12-14
Arizona,$3.126,$3.453,$3.776,$3.498,2024-12-15
Arizona,$3.122,$3.445,$3.771,$3.492,2024-12-16
Arizona,$3.121,$3.449,$3.771,$3.493,2024-12-17
Arizona,$3.111,$3.447,$3.762,$3.492,2024-12-18
Arkansas,$2.680,$3.094,$3.467,$3.202,2024-11-16
Arkansas,$2.675,$3.080,$3.459,$3.197,2024-11-17
Arkansas,$2.665,$3.053,$3.441,$3.188,2024-11-18
Arkansas,$2.664,$3.072,$3.449,$3.191,2024-11-19
Arkansas,$2.669,$3.079,$3.455,$3.197,2024-11-20
Arkansas,$2.669,$3.074,$3.457,$3.192,2024-11-21
Arkansas,$2.667,$3.077,$3.461,$3.196,2024-11-22
Arkansas,$2.662,$3.070,$3.459,$3.196,2024-11-23
Arkansas,$2.658,$3.068,$3.450,$3.193,2024-11-24
Arkansas,$2.653,$3.054,$3.432,$3.188,2024-11-25
Arkansas,$2.653,$3.051,$3.431,$3.196,2024-11-26
Arkansas,$2.647,$3.060,$3.431,$3.198,2024-11-27
Arkansas,$2.643,$3.062,$3.432,$3.194,2024-11-28
Arkansas,$2.635,$3.047,$3.421,$3.189,2024-11-29
Arkansas,$2.630,$3.024,$3.388,$3.179,2024-11-30
Arkansas,$2.626,$3.015,$3.405,$3.181,2024-12-01
Arkansas,$2.624,$3.014,$3.410,$3.178,2024-12-02
Arkansas,$2.634,$3.048,$3.424,$3.188,2024-12-03
Arkansas,$2.638,$3.056,$3.433,$3.183,2024-12-04
Arkansas,$2.638,$3.047,$3.424,$3.172,2024-12-05
Arkansas,$2.637,$3.048,$3.423,$3.175,2024-12-06
Arkansas,$2.628,$3.045,$3.418,$3.171,2024-12-07
Arkansas,$2.622,$3.041,$3.411,$3.169,2024-12-08
Arkansas,$2.615,$3.018,$3.381,$3.157,2024-12-09
Arkansas,$2.611,$3.017,$3.393,$3.155,2024-12-10
Arkansas,$2.609,$3.015,$3.394,$3.156,2024-12-11
Arkansas,$2.604,$3.018,$3.393,$3.152,2024-12-12
Arkansas,$2.602,$3.017,$3.385,$3.151,2024-12-13
Arkansas,$2.596,$3.012,$3.367,$3.149,2024-12-14
Arkansas,$2.592,$2.996,$3.363,$3.148,2024-12-15
Arkansas,$2.586,$2.984,$3.359,$3.140,2024-12-16
Arkansas,$2.614,$3.024,$3.388,$3.156,2024-12-17
Arkansas,$2.644,$3.064,$3.427,$3.170,2024-12-18
California,$4.467,$4.697,$4.868,$4.887,2024-11-16
California,$4.462,$4.683,$4.856,$4.880,2024-11-17
California,$4.462,$4.674,$4.851,$4.864,2024-11-18
California,$4.454,$4.673,$4.851,$4.877,2024-11-19
California,$4.452,$4.678,$4.855,$4.891,2024-11-20
California,$4.448,$4.676,$4.852,$4.889,2024-11-21
California,$4.446,$4.670,$4.846,$4.890,2024-11-22
California,$4.445,$4.671,$4.847,$4.889,2024-11-23
California,$4.445,$4.667,$4.846,$4.883,2024-11-24
California,$4.445,$4.655,$4.838,$4.872,2024-11-25
California,$4.438,$4.655,$4.831,$4.881,2024-11-26
California,$4.434,$4.657,$4.832,$4.885,2024-11-27
California,$4.428,$4.654,$4.832,$4.883,2024-11-28
California,$4.427,$4.647,$4.825,$4.880,2024-11-29
California,$4.423,$4.629,$4.814,$4.861,2024-11-30
California,$4.421,$4.631,$4.817,$4.862,2024-12-01
California,$4.422,$4.631,$4.819,$4.859,2024-12-02
California,$4.409,$4.632,$4.807,$4.867,2024-12-03
California,$4.397,$4.628,$4.799,$4.871,2024-12-04
California,$4.386,$4.619,$4.790,$4.868,2024-12-05
California,$4.378,$4.610,$4.785,$4.861,2024-12-06
California,$4.369,$4.603,$4.774,$4.855,2024-12-07
California,$4.362,$4.593,$4.769,$4.848,2024-12-08
California,$4.365,$4.585,$4.766,$4.832,2024-12-09
California,$4.356,$4.580,$4.754,$4.841,2024-12-10
California,$4.350,$4.579,$4.751,$4.844,2024-12-11
California,$4.340,$4.575,$4.743,$4.841,2024-12-12
California,$4.335,$4.565,$4.736,$4.830,2024-12-13
California,$4.328,$4.563,$4.733,$4.831,2024-12-14
California,$4.325,$4.555,$4.729,$4.827,2024-12-15
California,$4.327,$4.548,$4.728,$4.810,2024-12-16
California,$4.319,$4.545,$4.722,$4.818,2024-12-17
California,$4.318,$4.548,$4.722,$4.824,2024-12-18
Colorado,$3.019,$3.396,$3.716,$3.422,2024-11-16
Colorado,$3.002,$3.378,$3.694,$3.409,2024-11-17
Colorado,$2.986,$3.368,$3.683,$3.388,2024-11-18
Colorado,$2.977,$3.359,$3.675,$3.384,2024-11-19
Colorado,$2.964,$3.349,$3.667,$3.381,2024-11-20
Colorado,$2.945,$3.333,$3.652,$3.368,2024-11-21
Colorado,$2.926,$3.319,$3.631,$3.358,2024-11-22
Colorado,$2.916,$3.306,$3.623,$3.355,2024-11-23
Colorado,$2.905,$3.288,$3.604,$3.346,2024-11-24
Colorado,$2.902,$3.277,$3.598,$3.340,2024-11-25
Colorado,$2.971,$3.372,$3.692,$3.413,2024-11-26
Colorado,$2.962,$3.359,$3.669,$3.412,2024-11-27
Colorado,$2.942,$3.333,$3.649,$3.387,2024-11-28
Colorado,$2.938,$3.323,$3.638,$3.375,2024-11-29
Colorado,$2.917,$3.306,$3.624,$3.344,2024-11-30
Colorado,$2.908,$3.292,$3.611,$3.340,2024-12-01
Colorado,$2.899,$3.292,$3.604,$3.337,2024-12-02
Colorado,$2.890,$3.276,$3.591,$3.335,2024-12-03
Colorado,$2.876,$3.264,$3.578,$3.329,2024-12-04
Colorado,$2.867,$3.256,$3.577,$3.313,2024-12-05
Colorado,$2.860,$3.248,$3.567,$3.306,2024-12-06
Colorado,$2.853,$3.243,$3.560,$3.297,2024-12-07
Colorado,$2.843,$3.231,$3.547,$3.283,2024-12-08
Colorado,$2.836,$3.222,$3.545,$3.270,2024-12-09
Colorado,$2.875,$3.268,$3.596,$3.299,2024-12-10
Colorado,$2.883,$3.272,$3.597,$3.301,2024-12-11
Colorado,$2.875,$3.264,$3.588,$3.286,2024-12-12
Colorado,$2.868,$3.253,$3.574,$3.278,2024-12-13
Colorado,$2.861,$3.248,$3.560,$3.268,2024-12-14
Colorado,$2.851,$3.239,$3.547,$3.256,2024-12-15
Colorado,$2.867,$3.259,$3.575,$3.252,2024-12-16
Colorado,$2.934,$3.338,$3.658,$3.281,2024-12-17
Colorado,$2.964,$3.368,$3.688,$3.294,2024-12-18
Connecticut,$3.041,$3.683,$4.038,$3.681,2024-11-16
Connecticut,$3.038,$3.688,$4.031,$3.676,2024-11-17
Connecticut,$3.038,$3.677,$4.034,$3.662,2024-11-18
Connecticut,$3.038,$3.677,$4.027,$3.672,2024-11-19
Connecticut,$3.041,$3.676,$4.035,$3.679,2024-11-20
Connecticut,$3.042,$3.683,$4.047,$3.687,2024-11-21
Connecticut,$3.051,$3.689,$4.041,$3.684,2024-11-22
Connecticut,$3.058,$3.684,$4.043,$3.679,2024-11-23
Connecticut,$3.063,$3.688,$4.041,$3.676,2024-11-24
Connecticut,$3.061,$3.689,$4.026,$3.668,2024-11-25
Connecticut,$3.069,$3.686,$4.036,$3.683,2024-11-26
Connecticut,$3.074,$3.694,$4.045,$3.682,2024-11-27
Connecticut,$3.073,$3.694,$4.038,$3.680,2024-11-28
Connecticut,$3.070,$3.694,$4.033,$3.670,2024-11-29
Connecticut,$3.069,$3.690,$4.045,$3.669,2024-11-30
Connecticut,$3.066,$3.689,$4.037,$3.673,2024-12-01
Connecticut,$3.059,$3.671,$4.031,$3.680,2024-12-02
Connecticut,$3.060,$3.675,$4.041,$3.681,2024-12-03
Connecticut,$3.061,$3.687,$4.037,$3.679,2024-12-04
Connecticut,$3.057,$3.697,$4.041,$3.690,2024-12-05
Connecticut,$3.055,$3.699,$4.038,$3.682,2024-12-06
Connecticut,$3.054,$3.689,$4.037,$3.679,2024-12-07
Connecticut,$3.053,$3.689,$4.038,$3.674,2024-12-08
Connecticut,$3.050,$3.669,$4.029,$3.672,2024-12-09
Connecticut,$3.046,$3.668,$4.024,$3.673,2024-12-10
Connecticut,$3.047,$3.677,$4.018,$3.676,2024-12-11
Connecticut,$3.046,$3.676,$4.022,$3.678,2024-12-12
Connecticut,$3.044,$3.673,$4.019,$3.677,2024-12-13
Connecticut,$3.041,$3.678,$4.035,$3.676,2024-12-14
Connecticut,$3.040,$3.670,$4.027,$3.669,2024-12-15
Connecticut,$3.040,$3.655,$4.018,$3.664,2024-12-16
Connecticut,$3.041,$3.662,$4.025,$3.670,2024-12-17
Connecticut,$3.038,$3.671,$4.029,$3.674,2024-12-18
Delaware,$3.109,$3.631,$3.933,$3.555,2024-11-16
Delaware,$3.121,$3.639,$3.943,$3.557,2024-11-17
Delaware,$3.119,$3.647,$3.941,$3.545,2024-11-18
Delaware,$3.120,$3.646,$3.958,$3.537,2024-11-19
Delaware,$3.118,$3.632,$3.914,$3.553,2024-11-20
Delaware,$3.081,$3.626,$3.935,$3.544,2024-11-21
Delaware,$3.057,$3.602,$3.914,$3.539,2024-11-22
Delaware,$3.049,$3.594,$3.901,$3.539,2024-11-23
Delaware,$3.046,$3.595,$3.900,$3.543,2024-11-24
Delaware,$3.039,$3.606,$3.894,$3.534,2024-11-25
Delaware,$3.008,$3.564,$3.865,$3.500,2024-11-26
Delaware,$2.994,$3.541,$3.812,$3.495,2024-11-27
Delaware,$2.984,$3.534,$3.828,$3.485,2024-11-28
Delaware,$2.977,$3.528,$3.816,$3.484,2024-11-29
Delaware,$2.975,$3.542,$3.816,$3.475,2024-11-30
Delaware,$2.971,$3.541,$3.806,$3.471,2024-12-01
Delaware,$2.965,$3.541,$3.801,$3.463,2024-12-02
Delaware,$2.942,$3.501,$3.804,$3.427,2024-12-03
Delaware,$2.911,$3.466,$3.732,$3.399,2024-12-04
Delaware,$2.898,$3.452,$3.744,$3.381,2024-12-05
Delaware,$2.885,$3.439,$3.725,$3.386,2024-12-06
Delaware,$2.877,$3.429,$3.716,$3.366,2024-12-07
Delaware,$2.873,$3.429,$3.713,$3.363,2024-12-08
Delaware,$2.866,$3.443,$3.716,$3.356,2024-12-09
Delaware,$2.857,$3.417,$3.695,$3.320,2024-12-10
Delaware,$2.853,$3.408,$3.659,$3.333,2024-12-11
Delaware,$2.848,$3.410,$3.680,$3.334,2024-12-12
Delaware,$2.838,$3.391,$3.665,$3.334,2024-12-13
Delaware,$2.819,$3.381,$3.652,$3.320,2024-12-14
Delaware,$2.811,$3.359,$3.642,$3.316,2024-12-15
Delaware,$2.802,$3.385,$3.634,$3.315,2024-12-16
Delaware,$2.797,$3.356,$3.640,$3.286,2024-12-17
Delaware,$2.787,$3.342,$3.600,$3.302,2024-12-18
District of Columbia,$3.260,$3.861,$4.195,$3.759,2024-11-16
District of Columbia,$3.257,$3.833,$4.209,$3.758,2024-11-17
District of Columbia,$3.259,$3.754,$4.199,$3.732,2024-11-18
District of Columbia,$3.257,$3.813,$4.198,$3.760,2024-11-19
District of Columbia,$3.250,$3.817,$4.227,$3.733,2024-11-20
District of Columbia,$3.240,$3.807,$4.203,$3.769,2024-11-21
District of Columbia,$3.234,$3.857,$4.215,$3.846,2024-11-22
District of Columbia,$3.233,$3.840,$4.219,$3.684,2024-11-23
District of Columbia,$3.231,$3.822,$4.185,$3.701,2024-11-24
District of Columbia,$3.234,$3.788,$4.231,$3.756,2024-11-25
District of Columbia,$3.235,$3.743,$4.237,$3.709,2024-11-26
District of Columbia,$3.250,$3.758,$4.228,$3.809,2024-11-27
District of Columbia,$3.244,$3.757,$4.237,$3.854,2024-11-28
District of Columbia,$3.232,$3.777,$4.186,$3.796,2024-11-29
District of Columbia,$3.238,$3.743,$4.239,$3.677,2024-11-30
District of Columbia,$3.245,$3.751,$4.204,$3.698,2024-12-01
District of Columbia,$3.242,$3.731,$4.173,$3.741,2024-12-02
District of Columbia,$3.240,$3.774,$4.208,$3.791,2024-12-03
District of Columbia,$3.227,$3.816,$4.186,$3.839,2024-12-04
District of Columbia,$3.226,$3.818,$4.249,$3.829,2024-12-05
District of Columbia,$3.224,$3.785,$4.223,$3.782,2024-12-06
District of Columbia,$3.225,$3.755,$4.163,$3.740,2024-12-07
District of Columbia,$3.229,$3.783,$4.177,$3.752,2024-12-08
District of Columbia,$3.233,$3.833,$4.154,$3.778,2024-12-09
District of Columbia,$3.233,$3.769,$4.189,$3.793,2024-12-10
District of Columbia,$3.224,$3.776,$4.216,$3.808,2024-12-11
District of Columbia,$3.224,$3.782,$4.219,$3.741,2024-12-12
District of Columbia,$3.223,$3.726,$4.202,$3.769,2024-12-13
District of Columbia,$3.227,$3.746,$4.207,$3.762,2024-12-14
District of Columbia,$3.230,$3.740,$4.251,$3.754,2024-12-15
District of Columbia,$3.234,$3.724,$4.232,$3.700,2024-12-16
District of Columbia,$3.226,$3.729,$4.212,$3.785,2024-12-17
District of Columbia,$3.227,$3.746,$4.250,$3.819,2024-12-18
Florida,$3.134,$3.575,$3.897,$3.486,2024-11-16
Florida,$3.131,$3.577,$3.899,$3.488,2024-11-17
Florida,$3.123,$3.564,$3.887,$3.485,2024-11-18
Florida,$3.099,$3.542,$3.866,$3.471,2024-11-19
Florida,$3.070,$3.518,$3.833,$3.453,2024-11-20
Florida,$3.039,$3.485,$3.801,$3.434,2024-11-21
Florida,$3.011,$3.458,$3.775,$3.420,2024-11-22
Florida,$3.084,$3.520,$3.838,$3.473,2024-11-23
Florida,$3.120,$3.570,$3.883,$3.486,2024-11-24
Florida,$3.131,$3.577,$3.888,$3.486,2024-11-25
Florida,$3.117,$3.563,$3.872,$3.478,2024-11-26
Florida,$3.122,$3.570,$3.878,$3.481,2024-11-27
Florida,$3.128,$3.579,$3.892,$3.490,2024-11-28
Florida,$3.127,$3.574,$3.883,$3.490,2024-11-29
Florida,$3.118,$3.560,$3.868,$3.487,2024-11-30
Florida,$3.106,$3.547,$3.862,$3.489,2024-12-01
Florida,$3.095,$3.535,$3.845,$3.486,2024-12-02
Florida,$3.071,$3.515,$3.830,$3.479,2024-12-03
Florida,$3.045,$3.491,$3.809,$3.469,2024-12-04
Florida,$3.016,$3.459,$3.776,$3.455,2024-12-05
Florida,$2.989,$3.433,$3.750,$3.442,2024-12-06
Florida,$3.048,$3.519,$3.832,$3.469,2024-12-07
Florida,$3.102,$3.555,$3.868,$3.485,2024-12-08
Florida,$3.122,$3.574,$3.884,$3.489,2024-12-09
Florida,$3.113,$3.560,$3.872,$3.476,2024-12-10
Florida,$3.088,$3.534,$3.849,$3.460,2024-12-11
Florida,$3.058,$3.505,$3.821,$3.442,2024-12-12
Florida,$3.030,$3.475,$3.796,$3.427,2024-12-13
Florida,$3.071,$3.522,$3.834,$3.471,2024-12-14
Florida,$3.119,$3.571,$3.879,$3.481,2024-12-15
Florida,$3.130,$3.579,$3.889,$3.484,2024-12-16
Florida,$3.122,$3.567,$3.881,$3.479,2024-12-17
Florida,$3.099,$3.544,$3.858,$3.467,2024-12-18
Georgia,$2.940,$3.387,$3.782,$3.482,2024-11-16
Georgia,$2.936,$3.377,$3.774,$3.476,2024-11-17
Georgia,$2.932,$3.359,$3.752,$3.461,2024-11-18
Georgia,$2.925,$3.359,$3.755,$3.471,2024-11-19
Georgia,$2.926,$3.372,$3.765,$3.482,2024-11-20
Georgia,$2.925,$3.369,$3.764,$3.480,2024-11-21
Georgia,$2.925,$3.370,$3.771,$3.477,2024-11-22
Georgia,$2.931,$3.380,$3.782,$3.474,2024-11-23
Georgia,$2.932,$3.372,$3.772,$3.468,2024-11-24
Georgia,$2.929,$3.358,$3.748,$3.453,2024-11-25
Georgia,$2.929,$3.371,$3.759,$3.470,2024-11-26
Georgia,$2.925,$3.366,$3.769,$3.474,2024-11-27
Georgia,$2.918,$3.358,$3.759,$3.470,2024-11-28
Georgia,$2.913,$3.340,$3.733,$3.463,2024-11-29
Georgia,$2.905,$3.313,$3.709,$3.440,2024-11-30
Georgia,$2.902,$3.312,$3.716,$3.444,2024-12-01
Georgia,$2.898,$3.310,$3.712,$3.438,2024-12-02
Georgia,$2.897,$3.331,$3.725,$3.454,2024-12-03
Georgia,$2.907,$3.357,$3.749,$3.460,2024-12-04
Georgia,$2.915,$3.362,$3.763,$3.474,2024-12-05
Georgia,$2.914,$3.359,$3.764,$3.480,2024-12-06
Georgia,$2.907,$3.354,$3.755,$3.474,2024-12-07
Georgia,$2.903,$3.341,$3.745,$3.465,2024-12-08
Georgia,$2.897,$3.319,$3.722,$3.452,2024-12-09
Georgia,$2.906,$3.345,$3.750,$3.457,2024-12-10
Georgia,$2.918,$3.368,$3.769,$3.459,2024-12-11
Georgia,$2.920,$3.372,$3.768,$3.457,2024-12-12
Georgia,$2.917,$3.376,$3.769,$3.459,2024-12-13
Georgia,$2.913,$3.366,$3.765,$3.462,2024-12-14
Georgia,$2.913,$3.354,$3.760,$3.457,2024-12-15
Georgia,$2.909,$3.334,$3.743,$3.445,2024-12-16
Georgia,$2.907,$3.345,$3.745,$3.450,2024-12-17
Georgia,$2.911,$3.361,$3.760,$3.466,2024-12-18
Hawaii,$4.575,$4.784,$5.068,$5.313,2024-11-16
Hawaii,$4.572,$4.792,$5.070,$5.321,2024-11-17
Hawaii,$4.572,$4.796,$5.065,$5.310,2024-11-18
Hawaii,$4.573,$4.805,$5.073,$5.311,2024-11-19
Hawaii,$4.573,$4.808,$5.075,$5.316,2024-11-20
Hawaii,$4.574,$4.789,$5.050,$5.295,2024-11-21
Hawaii,$4.577,$4.796,$5.051,$5.292,2024-11-22
Hawaii,$4.575,$4.796,$5.057,$5.313,2024-11-23
Hawaii,$4.570,$4.802,$5.051,$5.317,2024-11-24
Hawaii,$4.574,$4.790,$5.050,$5.307,2024-11-25
Hawaii,$4.571,$4.793,$5.056,$5.290,2024-11-26
Hawaii,$4.575,$4.801,$5.070,$5.313,2024-11-27
Hawaii,$4.572,$4.812,$5.069,$5.307,2024-11-28
Hawaii,$4.572,$4.795,$5.053,$5.301,2024-11-29
Hawaii,$4.568,$4.784,$5.064,$5.278,2024-11-30
Hawaii,$4.564,$4.789,$5.063,$5.279,2024-12-01
Hawaii,$4.565,$4.791,$5.025,$5.297,2024-12-02
Hawaii,$4.566,$4.804,$5.028,$5.300,2024-12-03
Hawaii,$4.568,$4.793,$5.037,$5.311,2024-12-04
Hawaii,$4.565,$4.782,$5.032,$5.307,2024-12-05
Hawaii,$4.559,$4.795,$5.044,$5.294,2024-12-06
Hawaii,$4.557,$4.790,$5.036,$5.303,2024-12-07
Hawaii,$4.548,$4.773,$5.032,$5.282,2024-12-08
Hawaii,$4.539,$4.768,$5.021,$5.286,2024-12-09
Hawaii,$4.559,$4.770,$5.028,$5.295,2024-12-10
Hawaii,$4.559,$4.776,$5.024,$5.295,2024-12-11
Hawaii,$4.564,$4.783,$5.034,$5.295,2024-12-12
Hawaii,$4.557,$4.781,$5.038,$5.292,2024-12-13
Hawaii,$4.556,$4.788,$5.047,$5.290,2024-12-14
Hawaii,$4.545,$4.771,$5.037,$5.266,2024-12-15
Hawaii,$4.538,$4.774,$5.018,$5.261,2024-12-16
Hawaii,$4.541,$4.759,$5.022,$5.280,2024-12-17
Hawaii,$4.546,$4.763,$5.021,$5.265,2024-12-18
Idaho,$3.178,$3.434,$3.683,$3.545,2024-11-16
Idaho,$3.172,$3.426,$3.667,$3.541,2024-11-17
Idaho,$3.168,$3.409,$3.652,$3.532,2024-11-18
Idaho,$3.167,$3.411,$3.653,$3.529,2024-11-19
Idaho,$3.154,$3.412,$3.643,$3.529,2024-11-20
Idaho,$3.147,$3.401,$3.639,$3.528,2024-11-21
Idaho,$3.136,$3.381,$3.625,$3.523,2024-11-22
Idaho,$3.119,$3.372,$3.609,$3.517,2024-11-23
Idaho,$3.112,$3.357,$3.587,$3.511,2024-11-24
Idaho,$3.097,$3.337,$3.560,$3.508,2024-11-25
Idaho,$3.113,$3.351,$3.600,$3.502,2024-11-26
Idaho,$3.110,$3.358,$3.603,$3.490,2024-11-27
Idaho,$3.083,$3.335,$3.566,$3.484,2024-11-28
Idaho,$3.073,$3.312,$3.534,$3.473,2024-11-29
Idaho,$3.053,$3.288,$3.522,$3.471,2024-11-30
Idaho,$3.052,$3.280,$3.505,$3.470,2024-12-01
Idaho,$3.048,$3.266,$3.510,$3.467,2024-12-02
Idaho,$3.058,$3.294,$3.533,$3.463,2024-12-03
Idaho,$3.066,$3.304,$3.546,$3.457,2024-12-04
Idaho,$3.062,$3.307,$3.532,$3.453,2024-12-05
Idaho,$3.054,$3.307,$3.537,$3.438,2024-12-06
Idaho,$3.042,$3.304,$3.547,$3.430,2024-12-07
Idaho,$3.034,$3.297,$3.533,$3.426,2024-12-08
Idaho,$3.024,$3.258,$3.480,$3.422,2024-12-09
Idaho,$3.022,$3.265,$3.508,$3.413,2024-12-10
Idaho,$3.017,$3.273,$3.517,$3.413,2024-12-11
Idaho,$3.008,$3.258,$3.507,$3.403,2024-12-12
Idaho,$3.001,$3.257,$3.503,$3.394,2024-12-13
Idaho,$2.998,$3.256,$3.500,$3.391,2024-12-14
Idaho,$2.990,$3.238,$3.479,$3.386,2024-12-15
Idaho,$2.978,$3.219,$3.452,$3.377,2024-12-16
Idaho,$3.041,$3.278,$3.512,$3.409,2024-12-17
Idaho,$3.059,$3.306,$3.537,$3.422,2024-12-18
Illinois,$3.229,$3.821,$4.260,$3.615,2024-11-16
Illinois,$3.219,$3.807,$4.251,$3.609,2024-11-17
Illinois,$3.213,$3.799,$4.235,$3.602,2024-11-18
Illinois,$3.199,$3.787,$4.226,$3.600,2024-11-19
Illinois,$3.193,$3.782,$4.224,$3.596,2024-11-20
Illinois,$3.190,$3.781,$4.227,$3.599,2024-11-21
Illinois,$3.190,$3.774,$4.222,$3.598,2024-11-22
Illinois,$3.187,$3.762,$4.212,$3.599,2024-11-23
Illinois,$3.181,$3.754,$4.200,$3.595,2024-11-24
Illinois,$3.175,$3.746,$4.188,$3.596,2024-11-25
Illinois,$3.236,$3.813,$4.263,$3.627,2024-11-26
Illinois,$3.268,$3.846,$4.292,$3.634,2024-11-27
Illinois,$3.259,$3.849,$4.288,$3.635,2024-11-28
Illinois,$3.253,$3.845,$4.278,$3.629,2024-11-29
Illinois,$3.241,$3.837,$4.265,$3.625,2024-11-30
Illinois,$3.231,$3.827,$4.256,$3.619,2024-12-01
Illinois,$3.224,$3.819,$4.250,$3.614,2024-12-02
Illinois,$3.211,$3.804,$4.245,$3.608,2024-12-03
Illinois,$3.200,$3.792,$4.234,$3.606,2024-12-04
Illinois,$3.188,$3.777,$4.217,$3.596,2024-12-05
Illinois,$3.176,$3.760,$4.205,$3.592,2024-12-06
Illinois,$3.165,$3.747,$4.187,$3.589,2024-12-07
Illinois,$3.157,$3.738,$4.188,$3.582,2024-12-08
Illinois,$3.151,$3.727,$4.168,$3.570,2024-12-09
Illinois,$3.156,$3.721,$4.172,$3.567,2024-12-10
Illinois,$3.212,$3.788,$4.242,$3.574,2024-12-11
Illinois,$3.239,$3.815,$4.266,$3.573,2024-12-12
Illinois,$3.240,$3.826,$4.275,$3.571,2024-12-13
Illinois,$3.232,$3.822,$4.269,$3.565,2024-12-14
Illinois,$3.225,$3.813,$4.258,$3.562,2024-12-15
Illinois,$3.218,$3.799,$4.239,$3.549,2024-12-16
Illinois,$3.213,$3.793,$4.238,$3.554,2024-12-17
Illinois,$3.209,$3.790,$4.241,$3.560,2024-12-18
Indiana,$3.037,$3.586,$4.092,$3.686,2024-11-16
Indiana,$3.018,$3.571,$4.078,$3.680,2024-11-17
Indiana,$3.003,$3.551,$4.060,$3.677,2024-11-18
Indiana,$2.974,$3.528,$4.037,$3.675,2024-11-19
Indiana,$2.957,$3.521,$4.025,$3.671,2024-11-20
Indiana,$2.940,$3.499,$4.008,$3.668,2024-11-21
Indiana,$2.942,$3.497,$4.004,$3.664,2024-11-22
Indiana,$2.925,$3.478,$3.986,$3.664,2024-11-23
Indiana,$2.913,$3.463,$3.973,$3.662,2024-11-24
Indiana,$2.902,$3.450,$3.963,$3.657,2024-11-25
Indiana,$3.029,$3.589,$4.090,$3.698,2024-11-26
Indiana,$3.104,$3.639,$4.149,$3.726,2024-11-27
Indiana,$3.103,$3.646,$4.151,$3.734,2024-11-28
Indiana,$3.093,$3.644,$4.144,$3.734,2024-11-29
Indiana,$3.069,$3.629,$4.126,$3.732,2024-11-30
Indiana,$3.050,$3.615,$4.113,$3.731,2024-12-01
Indiana,$3.037,$3.602,$4.102,$3.730,2024-12-02
Indiana,$3.010,$3.579,$4.080,$3.720,2024-12-03
Indiana,$2.981,$3.552,$4.054,$3.710,2024-12-04
Indiana,$2.955,$3.524,$4.029,$3.704,2024-12-05
Indiana,$2.932,$3.500,$4.001,$3.697,2024-12-06
Indiana,$2.907,$3.475,$3.977,$3.690,2024-12-07
Indiana,$2.895,$3.455,$3.961,$3.686,2024-12-08
Indiana,$2.885,$3.440,$3.944,$3.686,2024-12-09
Indiana,$2.863,$3.422,$3.926,$3.680,2024-12-10
Indiana,$2.976,$3.532,$4.041,$3.673,2024-12-11
Indiana,$3.046,$3.571,$4.082,$3.672,2024-12-12
Indiana,$3.060,$3.600,$4.104,$3.670,2024-12-13
Indiana,$3.050,$3.598,$4.101,$3.668,2024-12-14
Indiana,$3.040,$3.590,$4.094,$3.667,2024-12-15
Indiana,$3.027,$3.578,$4.077,$3.663,2024-12-16
Indiana,$3.002,$3.554,$4.054,$3.659,2024-12-17
Indiana,$2.984,$3.535,$4.041,$3.658,2024-12-18
Iowa,$2.761,$3.061,$3.519,$3.291,2024-11-16
Iowa,$2.751,$3.055,$3.517,$3.289,2024-11-17
Iowa,$2.740,$3.087,$3.517,$3.286,2024-11-18
Iowa,$2.734,$3.059,$3.499,$3.285,2024-11-19
Iowa,$2.747,$3.033,$3.502,$3.296,2024-11-20
Iowa,$2.757,$3.049,$3.508,$3.315,2024-11-21
Iowa,$2.771,$3.062,$3.521,$3.316,2024-11-22
Iowa,$2.762,$3.087,$3.520,$3.314,2024-11-23
Iowa,$2.755,$3.084,$3.527,$3.309,2024-11-24
Iowa,$2.745,$3.104,$3.530,$3.311,2024-11-25
Iowa,$2.745,$3.087,$3.520,$3.304,2024-11-26
Iowa,$2.739,$3.049,$3.510,$3.301,2024-11-27
Iowa,$2.714,$3.023,$3.468,$3.294,2024-11-28
Iowa,$2.703,$3.035,$3.468,$3.291,2024-11-29
Iowa,$2.692,$3.053,$3.462,$3.286,2024-11-30
Iowa,$2.688,$3.051,$3.454,$3.284,2024-12-01
Iowa,$2.680,$3.039,$3.446,$3.282,2024-12-02
Iowa,$2.677,$3.034,$3.434,$3.283,2024-12-03
Iowa,$2.702,$3.012,$3.458,$3.281,2024-12-04
Iowa,$2.709,$3.021,$3.465,$3.278,2024-12-05
Iowa,$2.708,$3.021,$3.467,$3.275,2024-12-06
Iowa,$2.696,$3.015,$3.451,$3.272,2024-12-07
Iowa,$2.684,$3.031,$3.443,$3.269,2024-12-08
Iowa,$2.672,$3.045,$3.439,$3.260,2024-12-09
Iowa,$2.698,$3.022,$3.453,$3.262,2024-12-10
Iowa,$2.702,$3.009,$3.461,$3.254,2024-12-11
Iowa,$2.698,$3.016,$3.466,$3.250,2024-12-12
Iowa,$2.700,$3.029,$3.467,$3.244,2024-12-13
Iowa,$2.686,$3.033,$3.450,$3.242,2024-12-14
Iowa,$2.680,$3.047,$3.444,$3.241,2024-12-15
Iowa,$2.669,$3.060,$3.441,$3.233,2024-12-16
Iowa,$2.692,$3.045,$3.455,$3.252,2024-12-17
Iowa,$2.737,$3.064,$3.522,$3.286,2024-12-18
Kansas,$2.703,$3.017,$3.317,$3.234,2024-11-16
Kansas,$2.697,$3.007,$3.310,$3.232,2024-11-17
Kansas,$2.695,$2.995,$3.311,$3.227,2024-11-18
Kansas,$2.709,$3.025,$3.332,$3.226,2024-11-19
Kansas,$2.717,$3.037,$3.339,$3.229,2024-11-20
Kansas,$2.721,$3.038,$3.347,$3.231,2024-11-21
Kansas,$2.718,$3.043,$3.336,$3.229,2024-11-22
Kansas,$2.712,$3.038,$3.339,$3.228,2024-11-23
Kansas,$2.712,$3.036,$3.342,$3.227,2024-11-24
Kansas,$2.706,$3.026,$3.339,$3.223,2024-11-25
Kansas,$2.705,$3.026,$3.333,$3.226,2024-11-26
Kansas,$2.702,$3.026,$3.334,$3.227,2024-11-27
Kansas,$2.700,$3.023,$3.330,$3.224,2024-11-28
Kansas,$2.696,$3.021,$3.332,$3.219,2024-11-29
Kansas,$2.688,$3.008,$3.322,$3.219,2024-11-30
Kansas,$2.688,$3.014,$3.326,$3.224,2024-12-01
Kansas,$2.688,$3.014,$3.331,$3.222,2024-12-02
Kansas,$2.687,$3.019,$3.333,$3.217,2024-12-03
Kansas,$2.683,$3.021,$3.325,$3.217,2024-12-04
Kansas,$2.675,$3.014,$3.321,$3.214,2024-12-05
Kansas,$2.669,$3.008,$3.320,$3.211,2024-12-06
Kansas,$2.665,$2.993,$3.317,$3.206,2024-12-07
Kansas,$2.663,$2.995,$3.312,$3.203,2024-12-08
Kansas,$2.659,$2.991,$3.300,$3.202,2024-12-09
Kansas,$2.663,$2.987,$3.297,$3.199,2024-12-10
Kansas,$2.663,$2.991,$3.301,$3.192,2024-12-11
Kansas,$2.662,$2.998,$3.297,$3.189,2024-12-12
Kansas,$2.659,$2.999,$3.292,$3.193,2024-12-13
Kansas,$2.655,$2.986,$3.290,$3.196,2024-12-14
Kansas,$2.651,$2.975,$3.286,$3.191,2024-12-15
Kansas,$2.648,$2.974,$3.273,$3.187,2024-12-16
Kansas,$2.663,$2.991,$3.288,$3.189,2024-12-17
Kansas,$2.672,$3.008,$3.302,$3.193,2024-12-18
Kentucky,$2.777,$3.300,$3.716,$3.337,2024-11-16
Kentucky,$2.767,$3.294,$3.704,$3.331,2024-11-17
Kentucky,$2.758,$3.276,$3.682,$3.315,2024-11-18
Kentucky,$2.786,$3.328,$3.730,$3.321,2024-11-19
Kentucky,$2.819,$3.348,$3.765,$3.324,2024-11-20
Kentucky,$2.813,$3.338,$3.762,$3.322,2024-11-21
Kentucky,$2.793,$3.316,$3.739,$3.318,2024-11-22
Kentucky,$2.772,$3.292,$3.715,$3.314,2024-11-23
Kentucky,$2.761,$3.277,$3.694,$3.313,2024-11-24
Kentucky,$2.754,$3.262,$3.677,$3.296,2024-11-25
Kentucky,$2.801,$3.322,$3.746,$3.310,2024-11-26
Kentucky,$2.831,$3.347,$3.779,$3.314,2024-11-27
Kentucky,$2.817,$3.338,$3.760,$3.313,2024-11-28
Kentucky,$2.812,$3.331,$3.750,$3.307,2024-11-29
Kentucky,$2.802,$3.328,$3.735,$3.285,2024-11-30
Kentucky,$2.794,$3.319,$3.728,$3.289,2024-12-01
Kentucky,$2.789,$3.319,$3.720,$3.285,2024-12-02
Kentucky,$2.770,$3.301,$3.711,$3.294,2024-12-03
Kentucky,$2.753,$3.278,$3.699,$3.296,2024-12-04
Kentucky,$2.740,$3.260,$3.681,$3.289,2024-12-05
Kentucky,$2.731,$3.246,$3.666,$3.280,2024-12-06
Kentucky,$2.716,$3.235,$3.655,$3.276,2024-12-07
Kentucky,$2.708,$3.226,$3.644,$3.265,2024-12-08
Kentucky,$2.702,$3.214,$3.625,$3.253,2024-12-09
Kentucky,$2.695,$3.207,$3.627,$3.260,2024-12-10
Kentucky,$2.735,$3.260,$3.674,$3.264,2024-12-11
Kentucky,$2.770,$3.292,$3.712,$3.265,2024-12-12
Kentucky,$2.770,$3.295,$3.719,$3.265,2024-12-13
Kentucky,$2.756,$3.280,$3.699,$3.262,2024-12-14
Kentucky,$2.751,$3.273,$3.689,$3.256,2024-12-15
Kentucky,$2.746,$3.264,$3.676,$3.245,2024-12-16
Kentucky,$2.773,$3.302,$3.716,$3.248,2024-12-17
Kentucky,$2.801,$3.323,$3.748,$3.249,2024-12-18
Louisiana,$2.750,$3.196,$3.579,$3.223,2024-11-16
Louisiana,$2.744,$3.173,$3.565,$3.221,2024-11-17
Louisiana,$2.740,$3.160,$3.549,$3.213,2024-11-18
Louisiana,$2.736,$3.160,$3.539,$3.215,2024-11-19
Louisiana,$2.731,$3.166,$3.551,$3.214,2024-11-20
Louisiana,$2.730,$3.167,$3.549,$3.211,2024-11-21
Louisiana,$2.725,$3.161,$3.541,$3.211,2024-11-22
Louisiana,$2.720,$3.152,$3.534,$3.208,2024-11-23
Louisiana,$2.716,$3.140,$3.526,$3.206,2024-11-24
Louisiana,$2.711,$3.126,$3.520,$3.202,2024-11-25
Louisiana,$2.714,$3.123,$3.521,$3.209,2024-11-26
Louisiana,$2.712,$3.129,$3.513,$3.203,2024-11-27
Louisiana,$2.706,$3.127,$3.508,$3.200,2024-11-28
Louisiana,$2.703,$3.111,$3.501,$3.199,2024-11-29
Louisiana,$2.696,$3.099,$3.494,$3.192,2024-11-30
Louisiana,$2.696,$3.106,$3.487,$3.188,2024-12-01
Louisiana,$2.692,$3.101,$3.483,$3.186,2024-12-02
Louisiana,$2.719,$3.159,$3.542,$3.218,2024-12-03
Louisiana,$2.731,$3.180,$3.566,$3.229,2024-12-04
Louisiana,$2.736,$3.174,$3.561,$3.231,2024-12-05
Louisiana,$2.728,$3.168,$3.548,$3.222,2024-12-06
Louisiana,$2.718,$3.165,$3.542,$3.213,2024-12-07
Louisiana,$2.714,$3.143,$3.536,$3.209,2024-12-08
Louisiana,$2.706,$3.119,$3.520,$3.197,2024-12-09
Louisiana,$2.699,$3.121,$3.522,$3.193,2024-12-10
Louisiana,$2.695,$3.124,$3.510,$3.195,2024-12-11
Louisiana,$2.696,$3.133,$3.514,$3.193,2024-12-12
Louisiana,$2.698,$3.143,$3.518,$3.190,2024-12-13
Louisiana,$2.698,$3.139,$3.518,$3.192,2024-12-14
Louisiana,$2.700,$3.121,$3.510,$3.190,2024-12-15
Louisiana,$2.693,$3.104,$3.498,$3.184,2024-12-16
Louisiana,$2.696,$3.119,$3.504,$3.184,2024-12-17
Louisiana,$2.706,$3.143,$3.524,$3.209,2024-12-18
Maine,$3.038,$3.565,$4.019,$3.755,2024-11-16
Maine,$3.038,$3.566,$4.022,$3.762,2024-11-17
Maine,$3.036,$3.556,$4.016,$3.762,2024-11-18
Maine,$3.045,$3.580,$4.033,$3.763,2024-11-19
Maine,$3.053,$3.583,$4.040,$3.765,2024-11-20
Maine,$3.058,$3.596,$4.043,$3.765,2024-11-21
Maine,$3.069,$3.588,$4.053,$3.765,2024-11-22
Maine,$3.074,$3.590,$4.051,$3.771,2024-11-23
Maine,$3.074,$3.594,$4.046,$3.770,2024-11-24
Maine,$3.073,$3.578,$4.039,$3.772,2024-11-25
Maine,$3.077,$3.593,$4.039,$3.768,2024-11-26
Maine,$3.082,$3.612,$4.068,$3.773,2024-11-27
Maine,$3.079,$3.598,$4.058,$3.769,2024-11-28
Maine,$3.078,$3.591,$4.046,$3.764,2024-11-29
Maine,$3.073,$3.596,$4.063,$3.769,2024-11-30
Maine,$3.070,$3.591,$4.054,$3.772,2024-12-01
Maine,$3.071,$3.599,$4.068,$3.771,2024-12-02
Maine,$3.068,$3.596,$4.049,$3.773,2024-12-03
Maine,$3.063,$3.587,$4.030,$3.772,2024-12-04
Maine,$3.060,$3.587,$4.029,$3.769,2024-12-05
Maine,$3.058,$3.590,$4.027,$3.770,2024-12-06
Maine,$3.054,$3.594,$4.036,$3.766,2024-12-07
Maine,$3.054,$3.595,$4.044,$3.763,2024-12-08
Maine,$3.052,$3.597,$4.035,$3.761,2024-12-09
Maine,$3.049,$3.589,$4.032,$3.767,2024-12-10
Maine,$3.055,$3.589,$4.037,$3.768,2024-12-11
Maine,$3.057,$3.590,$4.040,$3.773,2024-12-12
Maine,$3.053,$3.580,$4.038,$3.768,2024-12-13
Maine,$3.051,$3.578,$4.041,$3.770,2024-12-14
Maine,$3.049,$3.565,$4.031,$3.770,2024-12-15
Maine,$3.046,$3.565,$4.018,$3.769,2024-12-16
Maine,$3.047,$3.553,$4.016,$3.773,2024-12-17
Maine,$3.045,$3.548,$4.025,$3.777,2024-12-18
Maryland,$3.196,$3.781,$4.098,$3.617,2024-11-16
Maryland,$3.200,$3.793,$4.099,$3.618,2024-11-17
Maryland,$3.204,$3.798,$4.108,$3.611,2024-11-18
Maryland,$3.203,$3.783,$4.104,$3.608,2024-11-19
Maryland,$3.199,$3.779,$4.070,$3.615,2024-11-20
Maryland,$3.157,$3.768,$4.082,$3.607,2024-11-21
Maryland,$3.134,$3.741,$4.066,$3.605,2024-11-22
Maryland,$3.126,$3.740,$4.056,$3.604,2024-11-23
Maryland,$3.122,$3.738,$4.054,$3.602,2024-11-24
Maryland,$3.118,$3.733,$4.058,$3.602,2024-11-25
Maryland,$3.090,$3.701,$4.024,$3.575,2024-11-26
Maryland,$3.081,$3.684,$3.981,$3.572,2024-11-27
Maryland,$3.074,$3.680,$3.990,$3.569,2024-11-28
Maryland,$3.067,$3.665,$3.981,$3.570,2024-11-29
Maryland,$3.064,$3.663,$3.973,$3.561,2024-11-30
Maryland,$3.059,$3.662,$3.969,$3.559,2024-12-01
Maryland,$3.059,$3.667,$3.970,$3.556,2024-12-02
Maryland,$3.034,$3.642,$3.958,$3.533,2024-12-03
Maryland,$3.012,$3.611,$3.904,$3.521,2024-12-04
Maryland,$3.004,$3.613,$3.924,$3.511,2024-12-05
Maryland,$3.001,$3.605,$3.923,$3.503,2024-12-06
Maryland,$2.989,$3.603,$3.910,$3.487,2024-12-07
Maryland,$2.980,$3.586,$3.897,$3.483,2024-12-08
Maryland,$2.973,$3.570,$3.895,$3.476,2024-12-09
Maryland,$2.969,$3.563,$3.878,$3.465,2024-12-10
Maryland,$2.969,$3.571,$3.869,$3.470,2024-12-11
Maryland,$2.971,$3.580,$3.891,$3.467,2024-12-12
Maryland,$2.965,$3.573,$3.880,$3.472,2024-12-13
Maryland,$2.953,$3.564,$3.867,$3.462,2024-12-14
Maryland,$2.947,$3.551,$3.858,$3.451,2024-12-15
Maryland,$2.941,$3.523,$3.849,$3.448,2024-12-16
Maryland,$2.937,$3.531,$3.838,$3.442,2024-12-17
Maryland,$2.923,$3.520,$3.822,$3.449,2024-12-18
Massachusetts,$3.020,$3.617,$3.973,$3.702,2024-11-16
Massachusetts,$3.018,$3.609,$3.959,$3.700,2024-11-17
Massachusetts,$3.017,$3.587,$3.962,$3.690,2024-11-18
Massachusetts,$3.011,$3.596,$3.965,$3.703,2024-11-19
Massachusetts,$3.014,$3.604,$3.970,$3.705,2024-11-20
Massachusetts,$3.019,$3.606,$3.972,$3.702,2024-11-21
Massachusetts,$3.024,$3.606,$3.976,$3.698,2024-11-22
Massachusetts,$3.027,$3.613,$3.976,$3.697,2024-11-23
Massachusetts,$3.028,$3.613,$3.971,$3.693,2024-11-24
Massachusetts,$3.029,$3.607,$3.972,$3.682,2024-11-25
Massachusetts,$3.036,$3.619,$3.984,$3.698,2024-11-26
Massachusetts,$3.043,$3.624,$3.990,$3.703,2024-11-27
Massachusetts,$3.040,$3.626,$3.991,$3.696,2024-11-28
Massachusetts,$3.038,$3.616,$3.981,$3.696,2024-11-29
Massachusetts,$3.036,$3.612,$3.981,$3.698,2024-11-30
Massachusetts,$3.037,$3.611,$3.989,$3.698,2024-12-01
Massachusetts,$3.037,$3.604,$3.982,$3.686,2024-12-02
Massachusetts,$3.035,$3.616,$3.989,$3.693,2024-12-03
Massachusetts,$3.035,$3.626,$3.990,$3.692,2024-12-04
Massachusetts,$3.035,$3.629,$3.994,$3.699,2024-12-05
Massachusetts,$3.037,$3.628,$3.992,$3.692,2024-12-06
Massachusetts,$3.034,$3.623,$3.981,$3.686,2024-12-07
Massachusetts,$3.031,$3.614,$3.976,$3.680,2024-12-08
Massachusetts,$3.027,$3.600,$3.967,$3.680,2024-12-09
Massachusetts,$3.032,$3.613,$3.982,$3.688,2024-12-10
Massachusetts,$3.035,$3.622,$3.973,$3.691,2024-12-11
Massachusetts,$3.033,$3.623,$3.979,$3.687,2024-12-12
Massachusetts,$3.029,$3.626,$3.986,$3.694,2024-12-13
Massachusetts,$3.030,$3.624,$3.974,$3.684,2024-12-14
Massachusetts,$3.031,$3.619,$3.974,$3.683,2024-12-15
Massachusetts,$3.027,$3.609,$3.970,$3.675,2024-12-16
Massachusetts,$3.022,$3.616,$3.975,$3.682,2024-12-17
Massachusetts,$3.025,$3.621,$3.980,$3.684,2024-12-18
Michigan,$3.145,$3.725,$4.281,$3.654,2024-11-16
Michigan,$3.132,$3.714,$4.274,$3.649,2024-11-17
Michigan,$3.124,$3.701,$4.249,$3.641,2024-11-18
Michigan,$3.100,$3.681,$4.237,$3.636,2024-11-19
Michigan,$3.079,$3.665,$4.222,$3.635,2024-11-20
Michigan,$3.059,$3.642,$4.198,$3.636,2024-11-21
Michigan,$3.041,$3.618,$4.180,$3.630,2024-11-22
Michigan,$3.023,$3.600,$4.158,$3.626,2024-11-23
Michigan,$3.005,$3.577,$4.134,$3.621,2024-11-24
Michigan,$2.994,$3.558,$4.114,$3.616,2024-11-25
Michigan,$3.086,$3.647,$4.202,$3.659,2024-11-26
Michigan,$3.136,$3.693,$4.254,$3.683,2024-11-27
Michigan,$3.119,$3.704,$4.267,$3.682,2024-11-28
Michigan,$3.114,$3.700,$4.259,$3.680,2024-11-29
Michigan,$3.098,$3.688,$4.240,$3.675,2024-11-30
Michigan,$3.084,$3.676,$4.227,$3.671,2024-12-01
Michigan,$3.076,$3.664,$4.215,$3.670,2024-12-02
Michigan,$3.043,$3.639,$4.197,$3.665,2024-12-03
Michigan,$3.014,$3.617,$4.173,$3.654,2024-12-04
Michigan,$2.988,$3.586,$4.142,$3.639,2024-12-05
Michigan,$2.970,$3.566,$4.122,$3.628,2024-12-06
Michigan,$2.950,$3.540,$4.102,$3.616,2024-12-07
Michigan,$2.939,$3.525,$4.086,$3.610,2024-12-08
Michigan,$2.933,$3.510,$4.066,$3.603,2024-12-09
Michigan,$2.914,$3.486,$4.047,$3.596,2024-12-10
Michigan,$2.997,$3.568,$4.127,$3.594,2024-12-11
Michigan,$3.051,$3.595,$4.156,$3.588,2024-12-12
Michigan,$3.065,$3.633,$4.194,$3.588,2024-12-13
Michigan,$3.053,$3.635,$4.191,$3.587,2024-12-14
Michigan,$3.044,$3.627,$4.183,$3.584,2024-12-15
Michigan,$3.038,$3.613,$4.167,$3.575,2024-12-16
Michigan,$3.018,$3.596,$4.152,$3.578,2024-12-17
Michigan,$3.001,$3.582,$4.134,$3.576,2024-12-18
Minnesota,$2.906,$3.332,$3.749,$3.426,2024-11-16
Minnesota,$2.902,$3.338,$3.753,$3.424,2024-11-17
Minnesota,$2.899,$3.342,$3.761,$3.426,2024-11-18
Minnesota,$2.890,$3.323,$3.744,$3.419,2024-11-19
Minnesota,$2.883,$3.312,$3.728,$3.417,2024-11-20
Minnesota,$2.873,$3.300,$3.721,$3.420,2024-11-21
Minnesota,$2.860,$3.292,$3.708,$3.414,2024-11-22
Minnesota,$2.857,$3.282,$3.699,$3.418,2024-11-23
Minnesota,$2.853,$3.282,$3.712,$3.417,2024-11-24
Minnesota,$2.852,$3.291,$3.719,$3.413,2024-11-25
Minnesota,$2.869,$3.313,$3.722,$3.419,2024-11-26
Minnesota,$2.876,$3.310,$3.726,$3.427,2024-11-27
Minnesota,$2.865,$3.296,$3.705,$3.426,2024-11-28
Minnesota,$2.861,$3.299,$3.701,$3.419,2024-11-29
Minnesota,$2.857,$3.299,$3.706,$3.417,2024-11-30
Minnesota,$2.850,$3.290,$3.695,$3.417,2024-12-01
Minnesota,$2.847,$3.290,$3.694,$3.417,2024-12-02
Minnesota,$2.841,$3.281,$3.681,$3.422,2024-12-03
Minnesota,$2.834,$3.266,$3.669,$3.425,2024-12-04
Minnesota,$2.833,$3.266,$3.672,$3.423,2024-12-05
Minnesota,$2.827,$3.260,$3.668,$3.417,2024-12-06
Minnesota,$2.821,$3.259,$3.657,$3.416,2024-12-07
Minnesota,$2.818,$3.260,$3.660,$3.414,2024-12-08
Minnesota,$2.815,$3.260,$3.663,$3.412,2024-12-09
Minnesota,$2.810,$3.243,$3.649,$3.411,2024-12-10
Minnesota,$2.824,$3.252,$3.669,$3.412,2024-12-11
Minnesota,$2.827,$3.256,$3.667,$3.416,2024-12-12
Minnesota,$2.825,$3.252,$3.667,$3.413,2024-12-13
Minnesota,$2.818,$3.248,$3.654,$3.411,2024-12-14
Minnesota,$2.815,$3.257,$3.656,$3.410,2024-12-15
Minnesota,$2.814,$3.262,$3.664,$3.407,2024-12-16
Minnesota,$2.869,$3.314,$3.735,$3.409,2024-12-17
Minnesota,$2.879,$3.301,$3.732,$3.417,2024-12-18
Mississippi,$2.650,$3.064,$3.443,$3.152,2024-11-16
Mississippi,$2.647,$3.043,$3.438,$3.142,2024-11-17
Mississippi,$2.641,$3.038,$3.421,$3.141,2024-11-18
Mississippi,$2.634,$3.050,$3.420,$3.146,2024-11-19
Mississippi,$2.638,$3.062,$3.434,$3.153,2024-11-20
Mississippi,$2.639,$3.062,$3.432,$3.154,2024-11-21
Mississippi,$2.639,$3.067,$3.444,$3.148,2024-11-22
Mississippi,$2.634,$3.060,$3.443,$3.151,2024-11-23
Mississippi,$2.631,$3.051,$3.427,$3.148,2024-11-24
Mississippi,$2.628,$3.031,$3.413,$3.135,2024-11-25
Mississippi,$2.629,$3.042,$3.420,$3.138,2024-11-26
Mississippi,$2.627,$3.046,$3.420,$3.138,2024-11-27
Mississippi,$2.618,$3.037,$3.421,$3.140,2024-11-28
Mississippi,$2.612,$3.020,$3.413,$3.132,2024-11-29
Mississippi,$2.604,$3.009,$3.404,$3.125,2024-11-30
Mississippi,$2.603,$3.014,$3.395,$3.123,2024-12-01
Mississippi,$2.597,$3.002,$3.385,$3.118,2024-12-02
Mississippi,$2.612,$3.029,$3.412,$3.146,2024-12-03
Mississippi,$2.623,$3.051,$3.423,$3.148,2024-12-04
Mississippi,$2.627,$3.055,$3.431,$3.150,2024-12-05
Mississippi,$2.626,$3.047,$3.427,$3.143,2024-12-06
Mississippi,$2.616,$3.038,$3.421,$3.138,2024-12-07
Mississippi,$2.613,$3.019,$3.413,$3.135,2024-12-08
Mississippi,$2.606,$3.003,$3.386,$3.119,2024-12-09
Mississippi,$2.603,$3.020,$3.384,$3.128,2024-12-10
Mississippi,$2.598,$3.017,$3.381,$3.129,2024-12-11
Mississippi,$2.598,$3.017,$3.396,$3.122,2024-12-12
Mississippi,$2.597,$3.017,$3.392,$3.122,2024-12-13
Mississippi,$2.594,$3.012,$3.387,$3.122,2024-12-14
Mississippi,$2.588,$3.011,$3.382,$3.122,2024-12-15
Mississippi,$2.582,$2.999,$3.376,$3.113,2024-12-16
Mississippi,$2.590,$3.006,$3.374,$3.118,2024-12-17
Mississippi,$2.603,$3.040,$3.412,$3.135,2024-12-18
Missouri,$2.673,$3.014,$3.327,$3.156,2024-11-16
Missouri,$2.669,$3.008,$3.317,$3.149,2024-11-17
Missouri,$2.665,$3.010,$3.309,$3.142,2024-11-18
Missouri,$2.674,$3.023,$3.328,$3.149,2024-11-19
Missouri,$2.697,$3.040,$3.347,$3.153,2024-11-20
Missouri,$2.712,$3.072,$3.374,$3.158,2024-11-21
Missouri,$2.717,$3.073,$3.377,$3.158,2024-11-22
Missouri,$2.717,$3.083,$3.377,$3.162,2024-11-23
Missouri,$2.717,$3.088,$3.377,$3.160,2024-11-24
Missouri,$2.717,$3.094,$3.382,$3.162,2024-11-25
Missouri,$2.715,$3.088,$3.386,$3.167,2024-11-26
Missouri,$2.710,$3.088,$3.383,$3.172,2024-11-27
Missouri,$2.704,$3.079,$3.375,$3.171,2024-11-28
Missouri,$2.702,$3.076,$3.372,$3.168,2024-11-29
Missouri,$2.698,$3.079,$3.370,$3.163,2024-11-30
Missouri,$2.695,$3.080,$3.372,$3.166,2024-12-01
Missouri,$2.694,$3.073,$3.366,$3.166,2024-12-02
Missouri,$2.696,$3.073,$3.375,$3.162,2024-12-03
Missouri,$2.699,$3.066,$3.376,$3.163,2024-12-04
Missouri,$2.699,$3.070,$3.374,$3.158,2024-12-05
Missouri,$2.695,$3.065,$3.371,$3.154,2024-12-06
Missouri,$2.689,$3.059,$3.364,$3.151,2024-12-07
Missouri,$2.686,$3.058,$3.359,$3.147,2024-12-08
Missouri,$2.682,$3.055,$3.354,$3.146,2024-12-09
Missouri,$2.677,$3.051,$3.348,$3.141,2024-12-10
Missouri,$2.672,$3.041,$3.344,$3.139,2024-12-11
Missouri,$2.666,$3.036,$3.340,$3.136,2024-12-12
Missouri,$2.661,$3.035,$3.335,$3.132,2024-12-13
Missouri,$2.659,$3.025,$3.328,$3.131,2024-12-14
Missouri,$2.655,$3.021,$3.323,$3.126,2024-12-15
Missouri,$2.654,$3.022,$3.313,$3.121,2024-12-16
Missouri,$2.674,$3.044,$3.347,$3.129,2024-12-17
Missouri,$2.720,$3.086,$3.387,$3.136,2024-12-18
Montana,$3.033,$3.332,$3.644,$3.462,2024-11-16
Montana,$3.024,$3.310,$3.627,$3.439,2024-11-17
Montana,$3.013,$3.301,$3.620,$3.437,2024-11-18
Montana,$3.009,$3.305,$3.606,$3.433,2024-11-19
Montana,$3.008,$3.309,$3.611,$3.424,2024-11-20
Montana,$3.000,$3.288,$3.608,$3.420,2024-11-21
Montana,$2.994,$3.279,$3.595,$3.419,2024-11-22
Montana,$2.982,$3.267,$3.592,$3.410,2024-11-23
Montana,$2.978,$3.260,$3.572,$3.411,2024-11-24
Montana,$2.973,$3.258,$3.580,$3.426,2024-11-25
Montana,$2.965,$3.253,$3.568,$3.412,2024-11-26
Montana,$2.955,$3.252,$3.558,$3.409,2024-11-27
Montana,$2.937,$3.236,$3.541,$3.400,2024-11-28
Montana,$2.928,$3.225,$3.529,$3.402,2024-11-29
Montana,$2.921,$3.206,$3.521,$3.387,2024-11-30
Montana,$2.924,$3.205,$3.542,$3.391,2024-12-01
Montana,$2.922,$3.212,$3.535,$3.393,2024-12-02
Montana,$2.915,$3.209,$3.508,$3.382,2024-12-03
Montana,$2.902,$3.197,$3.511,$3.385,2024-12-04
Montana,$2.891,$3.187,$3.507,$3.356,2024-12-05
Montana,$2.881,$3.175,$3.491,$3.345,2024-12-06
Montana,$2.871,$3.166,$3.459,$3.319,2024-12-07
Montana,$2.865,$3.140,$3.463,$3.305,2024-12-08
Montana,$2.853,$3.143,$3.452,$3.280,2024-12-09
Montana,$2.850,$3.139,$3.442,$3.283,2024-12-10
Montana,$2.841,$3.128,$3.440,$3.264,2024-12-11
Montana,$2.834,$3.122,$3.433,$3.237,2024-12-12
Montana,$2.828,$3.119,$3.427,$3.229,2024-12-13
Montana,$2.818,$3.128,$3.426,$3.232,2024-12-14
Montana,$2.814,$3.104,$3.428,$3.235,2024-12-15
Montana,$2.807,$3.079,$3.435,$3.243,2024-12-16
Montana,$2.811,$3.088,$3.403,$3.215,2024-12-17
Montana,$2.806,$3.094,$3.405,$3.226,2024-12-18
Nebraska,$2.807,$3.034,$3.434,$3.229,2024-11-16
Nebraska,$2.792,$3.030,$3.436,$3.223,2024-11-17
Nebraska,$2.768,$3.029,$3.420,$3.223,2024-11-18
Nebraska,$2.774,$3.002,$3.426,$3.221,2024-11-19
Nebraska,$2.780,$3.003,$3.416,$3.220,2024-11-20
Nebraska,$2.776,$3.010,$3.407,$3.218,2024-11-21
Nebraska,$2.775,$2.997,$3.406,$3.219,2024-11-22
Nebraska,$2.768,$2.975,$3.405,$3.216,2024-11-23
Nebraska,$2.757,$2.972,$3.401,$3.208,2024-11-24
Nebraska,$2.726,$2.990,$3.383,$3.205,2024-11-25
Nebraska,$2.751,$2.982,$3.398,$3.214,2024-11-26
Nebraska,$2.762,$2.985,$3.423,$3.208,2024-11-27
Nebraska,$2.752,$2.996,$3.408,$3.212,2024-11-28
Nebraska,$2.730,$3.000,$3.400,$3.209,2024-11-29
Nebraska,$2.715,$2.973,$3.371,$3.176,2024-11-30
Nebraska,$2.720,$2.978,$3.372,$3.184,2024-12-01
Nebraska,$2.706,$2.991,$3.382,$3.194,2024-12-02
Nebraska,$2.742,$2.978,$3.404,$3.214,2024-12-03
Nebraska,$2.763,$2.971,$3.405,$3.206,2024-12-04
Nebraska,$2.769,$2.986,$3.412,$3.214,2024-12-05
Nebraska,$2.758,$2.981,$3.418,$3.204,2024-12-06
Nebraska,$2.762,$2.964,$3.413,$3.198,2024-12-07
Nebraska,$2.740,$2.984,$3.418,$3.194,2024-12-08
Nebraska,$2.735,$2.988,$3.423,$3.179,2024-12-09
Nebraska,$2.739,$3.000,$3.426,$3.185,2024-12-10
Nebraska,$2.744,$2.977,$3.420,$3.181,2024-12-11
Nebraska,$2.742,$2.967,$3.393,$3.187,2024-12-12
Nebraska,$2.735,$2.962,$3.373,$3.181,2024-12-13
Nebraska,$2.724,$2.959,$3.372,$3.184,2024-12-14
Nebraska,$2.716,$2.955,$3.389,$3.179,2024-12-15
Nebraska,$2.708,$2.976,$3.376,$3.169,2024-12-16
Nebraska,$2.736,$2.951,$3.397,$3.183,2024-12-17
Nebraska,$2.782,$2.997,$3.445,$3.196,2024-12-18
Nevada,$3.750,$4.039,$4.278,$3.717,2024-11-16
Nevada,$3.741,$4.038,$4.280,$3.703,2024-11-17
Nevada,$3.738,$4.033,$4.277,$3.703,2024-11-18
Nevada,$3.734,$4.032,$4.276,$3.705,2024-11-19
Nevada,$3.723,$4.023,$4.270,$3.699,2024-11-20
Nevada,$3.717,$4.015,$4.263,$3.697,2024-11-21
Nevada,$3.714,$3.999,$4.256,$3.695,2024-11-22
Nevada,$3.709,$3.997,$4.244,$3.696,2024-11-23
Nevada,$3.707,$3.998,$4.237,$3.699,2024-11-24
Nevada,$3.710,$4.001,$4.240,$3.688,2024-11-25
Nevada,$3.703,$3.997,$4.245,$3.699,2024-11-26
Nevada,$3.697,$3.994,$4.223,$3.704,2024-11-27
Nevada,$3.692,$3.980,$4.222,$3.702,2024-11-28
Nevada,$3.693,$3.973,$4.222,$3.698,2024-11-29
Nevada,$3.683,$3.987,$4.229,$3.685,2024-11-30
Nevada,$3.689,$3.993,$4.232,$3.691,2024-12-01
Nevada,$3.683,$3.981,$4.230,$3.683,2024-12-02
Nevada,$3.671,$3.958,$4.204,$3.688,2024-12-03
Nevada,$3.668,$3.958,$4.209,$3.685,2024-12-04
Nevada,$3.658,$3.959,$4.198,$3.679,2024-12-05
Nevada,$3.648,$3.943,$4.188,$3.675,2024-12-06
Nevada,$3.638,$3.936,$4.176,$3.672,2024-12-07
Nevada,$3.637,$3.940,$4.185,$3.667,2024-12-08
Nevada,$3.639,$3.936,$4.183,$3.654,2024-12-09
Nevada,$3.628,$3.919,$4.172,$3.658,2024-12-10
Nevada,$3.618,$3.913,$4.160,$3.650,2024-12-11
Nevada,$3.626,$3.914,$4.157,$3.647,2024-12-12
Nevada,$3.624,$3.913,$4.154,$3.643,2024-12-13
Nevada,$3.616,$3.908,$4.156,$3.648,2024-12-14
Nevada,$3.613,$3.904,$4.152,$3.649,2024-12-15
Nevada,$3.608,$3.895,$4.155,$3.635,2024-12-16
Nevada,$3.606,$3.893,$4.141,$3.648,2024-12-17
Nevada,$3.596,$3.888,$4.134,$3.639,2024-12-18
New Hampshire,$2.964,$3.522,$3.951,$3.715,2024-11-16
New Hampshire,$2.958,$3.518,$3.946,$3.713,2024-11-17
New Hampshire,$2.958,$3.524,$3.944,$3.716,2024-11-18
New Hampshire,$2.958,$3.521,$3.936,$3.709,2024-11-19
New Hampshire,$2.962,$3.517,$3.939,$3.709,2024-11-20
New Hampshire,$2.962,$3.526,$3.942,$3.709,2024-11-21
New Hampshire,$2.967,$3.533,$3.941,$3.702,2024-11-22
New Hampshire,$2.973,$3.532,$3.945,$3.709,2024-11-23
New Hampshire,$2.972,$3.529,$3.943,$3.711,2024-11-24
New Hampshire,$2.970,$3.516,$3.950,$3.702,2024-11-25
New Hampshire,$2.975,$3.528,$3.948,$3.708,2024-11-26
New Hampshire,$2.987,$3.549,$3.956,$3.711,2024-11-27
New Hampshire,$2.984,$3.545,$3.955,$3.708,2024-11-28
New Hampshire,$2.981,$3.527,$3.951,$3.712,2024-11-29
New Hampshire,$2.975,$3.527,$3.951,$3.711,2024-11-30
New Hampshire,$2.977,$3.532,$3.959,$3.710,2024-12-01
New Hampshire,$2.974,$3.522,$3.959,$3.710,2024-12-02
New Hampshire,$2.971,$3.533,$3.951,$3.707,2024-12-03
New Hampshire,$2.963,$3.537,$3.950,$3.693,2024-12-04
New Hampshire,$2.961,$3.525,$3.948,$3.685,2024-12-05
New Hampshire,$2.961,$3.522,$3.950,$3.688,2024-12-06
New Hampshire,$2.958,$3.529,$3.953,$3.691,2024-12-07
New Hampshire,$2.959,$3.532,$3.947,$3.691,2024-12-08
New Hampshire,$2.956,$3.523,$3.947,$3.690,2024-12-09
New Hampshire,$2.952,$3.518,$3.948,$3.688,2024-12-10
New Hampshire,$2.955,$3.525,$3.952,$3.687,2024-12-11
New Hampshire,$2.952,$3.520,$3.941,$3.684,2024-12-12
New Hampshire,$2.950,$3.516,$3.938,$3.682,2024-12-13
New Hampshire,$2.946,$3.509,$3.936,$3.686,2024-12-14
New Hampshire,$2.949,$3.512,$3.937,$3.685,2024-12-15
New Hampshire,$2.949,$3.511,$3.938,$3.691,2024-12-16
New Hampshire,$2.945,$3.516,$3.933,$3.684,2024-12-17
New Hampshire,$2.948,$3.511,$3.931,$3.688,2024-12-18
New Jersey,$2.898,$3.502,$3.759,$3.448,2024-11-16
New Jersey,$2.899,$3.493,$3.756,$3.446,2024-11-17
New Jersey,$2.898,$3.477,$3.739,$3.449,2024-11-18
New Jersey,$2.894,$3.490,$3.751,$3.445,2024-11-19
New Jersey,$2.899,$3.490,$3.743,$3.449,2024-11-20
New Jersey,$2.929,$3.523,$3.768,$3.451,2024-11-21
New Jersey,$2.957,$3.540,$3.777,$3.445,2024-11-22
New Jersey,$2.974,$3.548,$3.795,$3.448,2024-11-23
New Jersey,$2.982,$3.547,$3.799,$3.446,2024-11-24
New Jersey,$2.985,$3.542,$3.803,$3.453,2024-11-25
New Jersey,$2.990,$3.559,$3.807,$3.455,2024-11-26
New Jersey,$2.991,$3.567,$3.808,$3.460,2024-11-27
New Jersey,$2.991,$3.568,$3.816,$3.458,2024-11-28
New Jersey,$2.989,$3.554,$3.807,$3.455,2024-11-29
New Jersey,$2.987,$3.548,$3.795,$3.454,2024-11-30
New Jersey,$2.984,$3.556,$3.801,$3.453,2024-12-01
New Jersey,$2.981,$3.549,$3.789,$3.448,2024-12-02
New Jersey,$2.973,$3.553,$3.792,$3.445,2024-12-03
New Jersey,$2.967,$3.547,$3.791,$3.440,2024-12-04
New Jersey,$2.962,$3.541,$3.783,$3.437,2024-12-05
New Jersey,$2.957,$3.537,$3.783,$3.438,2024-12-06
New Jersey,$2.953,$3.534,$3.780,$3.434,2024-12-07
New Jersey,$2.952,$3.517,$3.765,$3.432,2024-12-08
New Jersey,$2.947,$3.498,$3.760,$3.424,2024-12-09
New Jersey,$2.941,$3.509,$3.763,$3.429,2024-12-10
New Jersey,$2.936,$3.521,$3.765,$3.430,2024-12-11
New Jersey,$2.932,$3.518,$3.757,$3.423,2024-12-12
New Jersey,$2.927,$3.514,$3.760,$3.425,2024-12-13
New Jersey,$2.925,$3.513,$3.758,$3.425,2024-12-14
New Jersey,$2.922,$3.505,$3.751,$3.421,2024-12-15
New Jersey,$2.920,$3.496,$3.740,$3.415,2024-12-16
New Jersey,$2.917,$3.495,$3.744,$3.420,2024-12-17
New Jersey,$2.913,$3.497,$3.748,$3.422,2024-12-18
New Mexico,$2.825,$3.207,$3.516,$3.297,2024-11-16
New Mexico,$2.812,$3.189,$3.506,$3.287,2024-11-17
New Mexico,$2.805,$3.185,$3.503,$3.279,2024-11-18
New Mexico,$2.793,$3.183,$3.492,$3.273,2024-11-19
New Mexico,$2.883,$3.280,$3.589,$3.346,2024-11-20
New Mexico,$2.912,$3.302,$3.605,$3.364,2024-11-21
New Mexico,$2.904,$3.299,$3.604,$3.370,2024-11-22
New Mexico,$2.883,$3.283,$3.585,$3.356,2024-11-23
New Mexico,$2.870,$3.269,$3.570,$3.354,2024-11-24
New Mexico,$2.864,$3.266,$3.569,$3.338,2024-11-25
New Mexico,$2.849,$3.253,$3.555,$3.337,2024-11-26
New Mexico,$2.837,$3.235,$3.539,$3.335,2024-11-27
New Mexico,$2.817,$3.206,$3.513,$3.329,2024-11-28
New Mexico,$2.804,$3.191,$3.499,$3.322,2024-11-29
New Mexico,$2.794,$3.178,$3.488,$3.306,2024-11-30
New Mexico,$2.787,$3.179,$3.478,$3.308,2024-12-01
New Mexico,$2.781,$3.177,$3.476,$3.304,2024-12-02
New Mexico,$2.772,$3.168,$3.468,$3.304,2024-12-03
New Mexico,$2.758,$3.149,$3.447,$3.299,2024-12-04
New Mexico,$2.773,$3.159,$3.459,$3.301,2024-12-05
New Mexico,$2.785,$3.179,$3.469,$3.309,2024-12-06
New Mexico,$2.780,$3.164,$3.460,$3.304,2024-12-07
New Mexico,$2.772,$3.163,$3.465,$3.297,2024-12-08
New Mexico,$2.763,$3.157,$3.455,$3.289,2024-12-09
New Mexico,$2.764,$3.158,$3.458,$3.289,2024-12-10
New Mexico,$2.762,$3.151,$3.455,$3.282,2024-12-11
New Mexico,$2.742,$3.127,$3.431,$3.281,2024-12-12
New Mexico,$2.730,$3.116,$3.420,$3.271,2024-12-13
New Mexico,$2.721,$3.110,$3.406,$3.265,2024-12-14
New Mexico,$2.715,$3.100,$3.410,$3.264,2024-12-15
New Mexico,$2.739,$3.132,$3.439,$3.270,2024-12-16
New Mexico,$2.811,$3.209,$3.517,$3.285,2024-12-17
New Mexico,$2.857,$3.268,$3.562,$3.295,2024-12-18
New York,$3.151,$3.669,$4.047,$3.885,2024-11-16
New York,$3.148,$3.664,$4.040,$3.873,2024-11-17
New York,$3.145,$3.646,$4.030,$3.866,2024-11-18
New York,$3.148,$3.647,$4.034,$3.878,2024-11-19
New York,$3.145,$3.655,$4.040,$3.878,2024-11-20
New York,$3.146,$3.659,$4.042,$3.879,2024-11-21
New York,$3.148,$3.656,$4.042,$3.881,2024-11-22
New York,$3.153,$3.658,$4.041,$3.876,2024-11-23
New York,$3.155,$3.656,$4.044,$3.869,2024-11-24
New York,$3.152,$3.648,$4.037,$3.862,2024-11-25
New York,$3.159,$3.661,$4.047,$3.869,2024-11-26
New York,$3.162,$3.665,$4.053,$3.875,2024-11-27
New York,$3.161,$3.669,$4.051,$3.876,2024-11-28
New York,$3.159,$3.665,$4.042,$3.872,2024-11-29
New York,$3.156,$3.659,$4.037,$3.868,2024-11-30
New York,$3.157,$3.660,$4.048,$3.871,2024-12-01
New York,$3.156,$3.661,$4.051,$3.868,2024-12-02
New York,$3.156,$3.665,$4.044,$3.873,2024-12-03
New York,$3.156,$3.665,$4.043,$3.874,2024-12-04
New York,$3.155,$3.658,$4.039,$3.868,2024-12-05
New York,$3.155,$3.663,$4.042,$3.868,2024-12-06
New York,$3.155,$3.670,$4.046,$3.867,2024-12-07
New York,$3.152,$3.663,$4.040,$3.863,2024-12-08
New York,$3.147,$3.657,$4.037,$3.856,2024-12-09
New York,$3.150,$3.654,$4.038,$3.863,2024-12-10
New York,$3.149,$3.664,$4.043,$3.867,2024-12-11
New York,$3.148,$3.664,$4.041,$3.866,2024-12-12
New York,$3.147,$3.663,$4.041,$3.863,2024-12-13
New York,$3.145,$3.654,$4.043,$3.858,2024-12-14
New York,$3.142,$3.645,$4.035,$3.855,2024-12-15
New York,$3.137,$3.637,$4.024,$3.849,2024-12-16
New York,$3.142,$3.647,$4.035,$3.857,2024-12-17
New York,$3.142,$3.655,$4.037,$3.857,2024-12-18
North Carolina,$2.914,$3.363,$3.745,$3.439,2024-11-16
North Carolina,$2.905,$3.352,$3.732,$3.436,2024-11-17
North Carolina,$2.900,$3.340,$3.722,$3.431,2024-11-18
North Carolina,$2.890,$3.331,$3.714,$3.432,2024-11-19
North Carolina,$2.883,$3.330,$3.711,$3.431,2024-11-20
North Carolina,$2.882,$3.325,$3.708,$3.425,2024-11-21
North Carolina,$2.877,$3.321,$3.704,$3.425,2024-11-22
North Carolina,$2.866,$3.308,$3.694,$3.421,2024-11-23
North Carolina,$2.859,$3.302,$3.684,$3.416,2024-11-24
North Carolina,$2.853,$3.286,$3.667,$3.407,2024-11-25
North Carolina,$2.871,$3.322,$3.702,$3.418,2024-11-26
North Carolina,$2.878,$3.326,$3.709,$3.427,2024-11-27
North Carolina,$2.865,$3.306,$3.693,$3.437,2024-11-28
North Carolina,$2.861,$3.298,$3.683,$3.437,2024-11-29
North Carolina,$2.848,$3.280,$3.668,$3.431,2024-11-30
North Carolina,$2.842,$3.275,$3.663,$3.428,2024-12-01
North Carolina,$2.838,$3.268,$3.653,$3.425,2024-12-02
North Carolina,$2.829,$3.267,$3.655,$3.430,2024-12-03
North Carolina,$2.828,$3.276,$3.661,$3.425,2024-12-04
North Carolina,$2.872,$3.328,$3.711,$3.421,2024-12-05
North Carolina,$2.868,$3.316,$3.700,$3.416,2024-12-06
North Carolina,$2.855,$3.304,$3.690,$3.412,2024-12-07
North Carolina,$2.848,$3.290,$3.679,$3.408,2024-12-08
North Carolina,$2.841,$3.277,$3.660,$3.399,2024-12-09
North Carolina,$2.830,$3.267,$3.653,$3.400,2024-12-10
North Carolina,$2.847,$3.298,$3.684,$3.396,2024-12-11
North Carolina,$2.874,$3.328,$3.710,$3.394,2024-12-12
North Carolina,$2.880,$3.331,$3.714,$3.396,2024-12-13
North Carolina,$2.869,$3.320,$3.705,$3.395,2024-12-14
North Carolina,$2.860,$3.306,$3.694,$3.391,2024-12-15
North Carolina,$2.854,$3.293,$3.676,$3.387,2024-12-16
North Carolina,$2.846,$3.284,$3.669,$3.389,2024-12-17
North Carolina,$2.839,$3.279,$3.665,$3.404,2024-12-18
North Dakota,$2.945,$3.237,$3.578,$3.467,2024-11-16
North Dakota,$2.945,$3.229,$3.587,$3.474,2024-11-17
North Dakota,$2.934,$3.232,$3.598,$3.468,2024-11-18
North Dakota,$2.931,$3.241,$3.580,$3.475,2024-11-19
North Dakota,$2.928,$3.243,$3.574,$3.479,2024-11-20
North Dakota,$2.915,$3.221,$3.560,$3.485,2024-11-21
North Dakota,$2.902,$3.209,$3.543,$3.486,2024-11-22
North Dakota,$2.894,$3.179,$3.534,$3.497,2024-11-23
North Dakota,$2.880,$3.186,$3.538,$3.499,2024-11-24
North Dakota,$2.875,$3.192,$3.549,$3.480,2024-11-25
North Dakota,$2.879,$3.203,$3.537,$3.507,2024-11-26
North Dakota,$2.880,$3.212,$3.524,$3.513,2024-11-27
North Dakota,$2.866,$3.189,$3.512,$3.513,2024-11-28
North Dakota,$2.858,$3.188,$3.509,$3.505,2024-11-29
North Dakota,$2.859,$3.151,$3.524,$3.501,2024-11-30
North Dakota,$2.856,$3.151,$3.497,$3.498,2024-12-01
North Dakota,$2.854,$3.161,$3.497,$3.491,2024-12-02
North Dakota,$2.860,$3.160,$3.501,$3.502,2024-12-03
North Dakota,$2.855,$3.154,$3.482,$3.497,2024-12-04
North Dakota,$2.851,$3.148,$3.490,$3.504,2024-12-05
North Dakota,$2.851,$3.154,$3.492,$3.480,2024-12-06
North Dakota,$2.849,$3.142,$3.472,$3.472,2024-12-07
North Dakota,$2.838,$3.126,$3.487,$3.467,2024-12-08
North Dakota,$2.834,$3.124,$3.495,$3.463,2024-12-09
North Dakota,$2.836,$3.122,$3.467,$3.468,2024-12-10
North Dakota,$2.837,$3.142,$3.460,$3.477,2024-12-11
North Dakota,$2.835,$3.147,$3.450,$3.480,2024-12-12
North Dakota,$2.826,$3.154,$3.449,$3.485,2024-12-13
North Dakota,$2.819,$3.133,$3.446,$3.486,2024-12-14
North Dakota,$2.817,$3.114,$3.443,$3.457,2024-12-15
North Dakota,$2.810,$3.128,$3.454,$3.445,2024-12-16
North Dakota,$2.824,$3.138,$3.470,$3.455,2024-12-17
North Dakota,$2.831,$3.146,$3.462,$3.460,2024-12-18
Ohio,$2.848,$3.394,$3.921,$3.533,2024-11-16
Ohio,$2.834,$3.380,$3.908,$3.530,2024-11-17
Ohio,$2.829,$3.373,$3.899,$3.524,2024-11-18
Ohio,$2.837,$3.373,$3.901,$3.522,2024-11-19
Ohio,$2.911,$3.458,$3.980,$3.522,2024-11-20
Ohio,$2.912,$3.453,$3.973,$3.520,2024-11-21
Ohio,$2.893,$3.440,$3.960,$3.521,2024-11-22
Ohio,$2.868,$3.416,$3.939,$3.521,2024-11-23
Ohio,$2.849,$3.392,$3.919,$3.517,2024-11-24
Ohio,$2.833,$3.372,$3.900,$3.513,2024-11-25
Ohio,$2.947,$3.519,$4.044,$3.564,2024-11-26
Ohio,$3.043,$3.576,$4.105,$3.592,2024-11-27
Ohio,$3.046,$3.588,$4.112,$3.601,2024-11-28
Ohio,$3.038,$3.591,$4.109,$3.601,2024-11-29
Ohio,$3.026,$3.581,$4.102,$3.597,2024-11-30
Ohio,$3.012,$3.572,$4.095,$3.593,2024-12-01
Ohio,$2.998,$3.554,$4.079,$3.592,2024-12-02
Ohio,$2.967,$3.531,$4.055,$3.586,2024-12-03
Ohio,$2.939,$3.505,$4.027,$3.575,2024-12-04
Ohio,$2.909,$3.471,$3.996,$3.566,2024-12-05
Ohio,$2.885,$3.444,$3.967,$3.558,2024-12-06
Ohio,$2.859,$3.416,$3.939,$3.551,2024-12-07
Ohio,$2.845,$3.400,$3.921,$3.548,2024-12-08
Ohio,$2.832,$3.381,$3.907,$3.543,2024-12-09
Ohio,$2.806,$3.355,$3.881,$3.537,2024-12-10
Ohio,$2.912,$3.509,$4.031,$3.538,2024-12-11
Ohio,$3.029,$3.573,$4.098,$3.535,2024-12-12
Ohio,$3.062,$3.602,$4.125,$3.535,2024-12-13
Ohio,$3.053,$3.602,$4.119,$3.533,2024-12-14
Ohio,$3.041,$3.593,$4.111,$3.530,2024-12-15
Ohio,$3.028,$3.575,$4.095,$3.523,2024-12-16
Ohio,$3.002,$3.551,$4.072,$3.524,2024-12-17
Ohio,$2.975,$3.531,$4.050,$3.523,2024-12-18
Oklahoma,$2.593,$2.958,$3.216,$2.999,2024-11-16
Oklahoma,$2.586,$2.947,$3.214,$3.002,2024-11-17
Oklahoma,$2.568,$2.930,$3.204,$3.003,2024-11-18
Oklahoma,$2.565,$2.927,$3.198,$3.001,2024-11-19
Oklahoma,$2.568,$2.936,$3.196,$3.002,2024-11-20
Oklahoma,$2.563,$2.931,$3.190,$3.000,2024-11-21
Oklahoma,$2.555,$2.924,$3.183,$3.002,2024-11-22
Oklahoma,$2.546,$2.906,$3.170,$3.000,2024-11-23
Oklahoma,$2.532,$2.888,$3.147,$2.999,2024-11-24
Oklahoma,$2.514,$2.869,$3.125,$2.993,2024-11-25
Oklahoma,$2.517,$2.867,$3.148,$2.996,2024-11-26
Oklahoma,$2.524,$2.874,$3.154,$2.994,2024-11-27
Oklahoma,$2.516,$2.874,$3.145,$2.984,2024-11-28
Oklahoma,$2.498,$2.858,$3.135,$2.983,2024-11-29
Oklahoma,$2.478,$2.824,$3.115,$2.974,2024-11-30
Oklahoma,$2.477,$2.821,$3.099,$2.971,2024-12-01
Oklahoma,$2.468,$2.823,$3.096,$2.967,2024-12-02
Oklahoma,$2.497,$2.837,$3.127,$2.974,2024-12-03
Oklahoma,$2.523,$2.888,$3.172,$2.995,2024-12-04
Oklahoma,$2.529,$2.900,$3.186,$3.001,2024-12-05
Oklahoma,$2.528,$2.896,$3.182,$2.998,2024-12-06
Oklahoma,$2.517,$2.890,$3.173,$2.991,2024-12-07
Oklahoma,$2.506,$2.872,$3.157,$2.986,2024-12-08
Oklahoma,$2.490,$2.851,$3.142,$2.973,2024-12-09
Oklahoma,$2.517,$2.890,$3.176,$2.971,2024-12-10
Oklahoma,$2.527,$2.914,$3.191,$2.969,2024-12-11
Oklahoma,$2.527,$2.909,$3.203,$2.963,2024-12-12
Oklahoma,$2.527,$2.898,$3.189,$2.963,2024-12-13
Oklahoma,$2.522,$2.898,$3.179,$2.963,2024-12-14
Oklahoma,$2.515,$2.888,$3.173,$2.960,2024-12-15
Oklahoma,$2.504,$2.876,$3.164,$2.952,2024-12-16
Oklahoma,$2.533,$2.901,$3.193,$2.961,2024-12-17
Oklahoma,$2.567,$2.941,$3.232,$2.967,2024-12-18
Oregon,$3.540,$3.797,$4.029,$3.871,2024-11-16
Oregon,$3.542,$3.775,$4.019,$3.868,2024-11-17
Oregon,$3.537,$3.762,$4.000,$3.856,2024-11-18
Oregon,$3.532,$3.768,$4.006,$3.864,2024-11-19
Oregon,$3.536,$3.787,$4.027,$3.866,2024-11-20
Oregon,$3.542,$3.787,$4.030,$3.863,2024-11-21
Oregon,$3.536,$3.767,$4.025,$3.854,2024-11-22
Oregon,$3.544,$3.782,$4.027,$3.855,2024-11-23
Oregon,$3.548,$3.785,$4.024,$3.856,2024-11-24
Oregon,$3.546,$3.766,$4.010,$3.844,2024-11-25
Oregon,$3.559,$3.799,$4.026,$3.850,2024-11-26
Oregon,$3.564,$3.796,$4.032,$3.848,2024-11-27
Oregon,$3.554,$3.795,$4.032,$3.854,2024-11-28
Oregon,$3.556,$3.785,$4.020,$3.853,2024-11-29
Oregon,$3.555,$3.781,$4.020,$3.841,2024-11-30
Oregon,$3.550,$3.782,$4.010,$3.841,2024-12-01
Oregon,$3.544,$3.763,$4.013,$3.833,2024-12-02
Oregon,$3.542,$3.778,$4.015,$3.841,2024-12-03
Oregon,$3.534,$3.785,$4.018,$3.831,2024-12-04
Oregon,$3.523,$3.766,$4.010,$3.824,2024-12-05
Oregon,$3.515,$3.761,$3.991,$3.825,2024-12-06
Oregon,$3.503,$3.764,$3.983,$3.824,2024-12-07
Oregon,$3.502,$3.740,$3.969,$3.820,2024-12-08
Oregon,$3.507,$3.718,$3.971,$3.814,2024-12-09
Oregon,$3.494,$3.729,$3.965,$3.808,2024-12-10
Oregon,$3.487,$3.740,$3.974,$3.810,2024-12-11
Oregon,$3.486,$3.734,$3.980,$3.804,2024-12-12
Oregon,$3.482,$3.722,$3.961,$3.800,2024-12-13
Oregon,$3.476,$3.712,$3.951,$3.788,2024-12-14
Oregon,$3.471,$3.717,$3.946,$3.790,2024-12-15
Oregon,$3.469,$3.709,$3.936,$3.771,2024-12-16
Oregon,$3.467,$3.715,$3.953,$3.779,2024-12-17
Oregon,$3.462,$3.712,$3.942,$3.777,2024-12-18
Pennsylvania,$3.259,$3.696,$4.057,$3.982,2024-11-16
Pennsylvania,$3.256,$3.692,$4.047,$3.978,2024-11-17
Pennsylvania,$3.250,$3.689,$4.043,$3.978,2024-11-18
Pennsylvania,$3.249,$3.687,$4.042,$3.976,2024-11-19
Pennsylvania,$3.247,$3.681,$4.029,$3.975,2024-11-20
Pennsylvania,$3.243,$3.679,$4.029,$3.973,2024-11-21
Pennsylvania,$3.247,$3.683,$4.029,$3.975,2024-11-22
Pennsylvania,$3.249,$3.684,$4.031,$3.979,2024-11-23
Pennsylvania,$3.247,$3.680,$4.026,$3.978,2024-11-24
Pennsylvania,$3.244,$3.679,$4.026,$3.967,2024-11-25
Pennsylvania,$3.246,$3.681,$4.034,$3.970,2024-11-26
Pennsylvania,$3.252,$3.689,$4.037,$3.972,2024-11-27
Pennsylvania,$3.249,$3.684,$4.032,$3.967,2024-11-28
Pennsylvania,$3.246,$3.678,$4.026,$3.967,2024-11-29
Pennsylvania,$3.235,$3.675,$4.025,$3.966,2024-11-30
Pennsylvania,$3.233,$3.668,$4.019,$3.966,2024-12-01
Pennsylvania,$3.229,$3.662,$4.012,$3.967,2024-12-02
Pennsylvania,$3.224,$3.656,$4.009,$3.959,2024-12-03
Pennsylvania,$3.218,$3.655,$4.004,$3.954,2024-12-04
Pennsylvania,$3.227,$3.672,$4.021,$3.951,2024-12-05
Pennsylvania,$3.253,$3.694,$4.041,$3.951,2024-12-06
Pennsylvania,$3.265,$3.705,$4.053,$3.946,2024-12-07
Pennsylvania,$3.266,$3.709,$4.055,$3.941,2024-12-08
Pennsylvania,$3.264,$3.706,$4.053,$3.938,2024-12-09
Pennsylvania,$3.265,$3.704,$4.047,$3.935,2024-12-10
Pennsylvania,$3.261,$3.696,$4.043,$3.935,2024-12-11
Pennsylvania,$3.255,$3.694,$4.040,$3.937,2024-12-12
Pennsylvania,$3.250,$3.690,$4.039,$3.936,2024-12-13
Pennsylvania,$3.245,$3.681,$4.032,$3.931,2024-12-14
Pennsylvania,$3.240,$3.675,$4.024,$3.932,2024-12-15
Pennsylvania,$3.236,$3.671,$4.020,$3.931,2024-12-16
Pennsylvania,$3.233,$3.664,$4.019,$3.928,2024-12-17
Pennsylvania,$3.229,$3.661,$4.015,$3.927,2024-12-18
Rhode Island,$2.920,$3.610,$3.979,$3.714,2024-11-16
Rhode Island,$2.918,$3.617,$3.969,$3.707,2024-11-17
Rhode Island,$2.915,$3.604,$3.952,$3.693,2024-11-18
Rhode Island,$2.920,$3.612,$3.953,$3.699,2024-11-19
Rhode Island,$2.925,$3.624,$3.968,$3.713,2024-11-20
Rhode Island,$2.924,$3.605,$3.974,$3.714,2024-11-21
Rhode Island,$2.930,$3.618,$3.977,$3.710,2024-11-22
Rhode Island,$2.935,$3.626,$3.969,$3.699,2024-11-23
Rhode Island,$2.939,$3.627,$3.971,$3.705,2024-11-24
Rhode Island,$2.941,$3.637,$3.962,$3.703,2024-11-25
Rhode Island,$2.955,$3.635,$3.988,$3.707,2024-11-26
Rhode Island,$2.957,$3.632,$3.981,$3.713,2024-11-27
Rhode Island,$2.951,$3.628,$3.971,$3.709,2024-11-28
Rhode Island,$2.950,$3.636,$3.971,$3.704,2024-11-29
Rhode Island,$2.947,$3.622,$3.960,$3.707,2024-11-30
Rhode Island,$2.949,$3.624,$3.955,$3.698,2024-12-01
Rhode Island,$2.950,$3.630,$3.963,$3.700,2024-12-02
Rhode Island,$2.956,$3.655,$3.984,$3.711,2024-12-03
Rhode Island,$2.955,$3.650,$3.995,$3.708,2024-12-04
Rhode Island,$2.963,$3.641,$3.988,$3.709,2024-12-05
Rhode Island,$2.962,$3.638,$3.981,$3.716,2024-12-06
Rhode Island,$2.959,$3.650,$3.985,$3.720,2024-12-07
Rhode Island,$2.960,$3.645,$3.985,$3.711,2024-12-08
Rhode Island,$2.951,$3.630,$3.982,$3.707,2024-12-09
Rhode Island,$2.958,$3.628,$3.988,$3.709,2024-12-10
Rhode Island,$2.954,$3.644,$3.971,$3.707,2024-12-11
Rhode Island,$2.953,$3.637,$3.971,$3.693,2024-12-12
Rhode Island,$2.958,$3.635,$3.980,$3.712,2024-12-13
Rhode Island,$2.955,$3.646,$3.982,$3.710,2024-12-14
Rhode Island,$2.952,$3.645,$3.981,$3.699,2024-12-15
Rhode Island,$2.949,$3.633,$3.969,$3.701,2024-12-16
Rhode Island,$2.944,$3.629,$3.962,$3.693,2024-12-17
Rhode Island,$2.946,$3.634,$3.963,$3.691,2024-12-18
South Carolina,$2.762,$3.195,$3.562,$3.287,2024-11-16
South Carolina,$2.752,$3.179,$3.551,$3.273,2024-11-17
South Carolina,$2.743,$3.146,$3.517,$3.251,2024-11-18
South Carolina,$2.733,$3.144,$3.529,$3.265,2024-11-19
South Carolina,$2.740,$3.161,$3.543,$3.284,2024-11-20
South Carolina,$2.764,$3.185,$3.559,$3.303,2024-11-21
South Carolina,$2.782,$3.214,$3.582,$3.312,2024-11-22
South Carolina,$2.787,$3.220,$3.595,$3.312,2024-11-23
South Carolina,$2.780,$3.207,$3.584,$3.306,2024-11-24
South Carolina,$2.771,$3.180,$3.552,$3.296,2024-11-25
South Carolina,$2.792,$3.227,$3.596,$3.307,2024-11-26
South Carolina,$2.789,$3.229,$3.595,$3.306,2024-11-27
South Carolina,$2.776,$3.216,$3.589,$3.300,2024-11-28
South Carolina,$2.772,$3.196,$3.571,$3.292,2024-11-29
South Carolina,$2.759,$3.172,$3.544,$3.276,2024-11-30
South Carolina,$2.751,$3.166,$3.540,$3.275,2024-12-01
South Carolina,$2.747,$3.156,$3.531,$3.269,2024-12-02
South Carolina,$2.736,$3.162,$3.532,$3.276,2024-12-03
South Carolina,$2.731,$3.167,$3.532,$3.285,2024-12-04
South Carolina,$2.751,$3.192,$3.562,$3.305,2024-12-05
South Carolina,$2.761,$3.198,$3.575,$3.295,2024-12-06
South Carolina,$2.758,$3.196,$3.568,$3.292,2024-12-07
South Carolina,$2.749,$3.184,$3.555,$3.286,2024-12-08
South Carolina,$2.741,$3.156,$3.529,$3.271,2024-12-09
South Carolina,$2.729,$3.152,$3.526,$3.263,2024-12-10
South Carolina,$2.731,$3.172,$3.537,$3.262,2024-12-11
South Carolina,$2.742,$3.177,$3.550,$3.263,2024-12-12
South Carolina,$2.751,$3.190,$3.570,$3.263,2024-12-13
South Carolina,$2.750,$3.193,$3.568,$3.258,2024-12-14
South Carolina,$2.749,$3.182,$3.554,$3.247,2024-12-15
South Carolina,$2.752,$3.184,$3.545,$3.240,2024-12-16
South Carolina,$2.764,$3.207,$3.576,$3.248,2024-12-17
South Carolina,$2.764,$3.215,$3.581,$3.268,2024-12-18
South Dakota,$2.880,$3.096,$3.513,$3.224,2024-11-16
South Dakota,$2.858,$3.084,$3.518,$3.219,2024-11-17
South Dakota,$2.848,$3.093,$3.528,$3.212,2024-11-18
South Dakota,$2.855,$3.089,$3.502,$3.208,2024-11-19
South Dakota,$2.860,$3.077,$3.494,$3.217,2024-11-20
South Dakota,$2.863,$3.064,$3.489,$3.229,2024-11-21
South Dakota,$2.867,$3.077,$3.472,$3.232,2024-11-22
South Dakota,$2.873,$3.077,$3.482,$3.248,2024-11-23
South Dakota,$2.853,$3.069,$3.499,$3.248,2024-11-24
South Dakota,$2.853,$3.091,$3.522,$3.239,2024-11-25
South Dakota,$2.859,$3.071,$3.515,$3.249,2024-11-26
South Dakota,$2.865,$3.061,$3.504,$3.253,2024-11-27
South Dakota,$2.863,$3.058,$3.494,$3.265,2024-11-28
South Dakota,$2.852,$3.074,$3.509,$3.272,2024-11-29
South Dakota,$2.832,$3.070,$3.518,$3.270,2024-11-30
South Dakota,$2.833,$3.072,$3.494,$3.272,2024-12-01
South Dakota,$2.820,$3.092,$3.513,$3.267,2024-12-02
South Dakota,$2.835,$3.076,$3.489,$3.300,2024-12-03
South Dakota,$2.843,$3.052,$3.473,$3.286,2024-12-04
South Dakota,$2.847,$3.044,$3.475,$3.277,2024-12-05
South Dakota,$2.845,$3.037,$3.460,$3.268,2024-12-06
South Dakota,$2.832,$3.033,$3.442,$3.251,2024-12-07
South Dakota,$2.816,$3.043,$3.441,$3.241,2024-12-08
South Dakota,$2.808,$3.039,$3.470,$3.205,2024-12-09
South Dakota,$2.808,$3.041,$3.451,$3.244,2024-12-10
South Dakota,$2.818,$3.036,$3.426,$3.240,2024-12-11
South Dakota,$2.814,$3.019,$3.431,$3.247,2024-12-12
South Dakota,$2.818,$3.023,$3.451,$3.242,2024-12-13
South Dakota,$2.823,$3.023,$3.458,$3.234,2024-12-14
South Dakota,$2.805,$3.028,$3.461,$3.214,2024-12-15
South Dakota,$2.789,$3.040,$3.473,$3.195,2024-12-16
South Dakota,$2.813,$3.030,$3.462,$3.218,2024-12-17
South Dakota,$2.840,$3.024,$3.450,$3.235,2024-12-18
Tennessee,$2.705,$3.133,$3.517,$3.309,2024-11-16
Tennessee,$2.698,$3.116,$3.505,$3.302,2024-11-17
Tennessee,$2.695,$3.088,$3.478,$3.285,2024-11-18
Tennessee,$2.719,$3.146,$3.524,$3.297,2024-11-19
Tennessee,$2.740,$3.183,$3.557,$3.298,2024-11-20
Tennessee,$2.740,$3.185,$3.559,$3.300,2024-11-21
Tennessee,$2.732,$3.179,$3.552,$3.296,2024-11-22
Tennessee,$2.725,$3.167,$3.549,$3.295,2024-11-23
Tennessee,$2.718,$3.149,$3.532,$3.295,2024-11-24
Tennessee,$2.712,$3.133,$3.507,$3.277,2024-11-25
Tennessee,$2.705,$3.135,$3.503,$3.287,2024-11-26
Tennessee,$2.697,$3.133,$3.503,$3.291,2024-11-27
Tennessee,$2.686,$3.120,$3.503,$3.285,2024-11-28
Tennessee,$2.681,$3.100,$3.487,$3.277,2024-11-29
Tennessee,$2.673,$3.065,$3.451,$3.265,2024-11-30
Tennessee,$2.668,$3.065,$3.445,$3.268,2024-12-01
Tennessee,$2.663,$3.055,$3.443,$3.273,2024-12-02
Tennessee,$2.686,$3.112,$3.494,$3.281,2024-12-03
Tennessee,$2.704,$3.140,$3.521,$3.280,2024-12-04
Tennessee,$2.701,$3.140,$3.526,$3.272,2024-12-05
Tennessee,$2.693,$3.136,$3.514,$3.271,2024-12-06
Tennessee,$2.682,$3.125,$3.507,$3.262,2024-12-07
Tennessee,$2.679,$3.117,$3.497,$3.256,2024-12-08
Tennessee,$2.673,$3.092,$3.464,$3.243,2024-12-09
Tennessee,$2.666,$3.096,$3.465,$3.250,2024-12-10
Tennessee,$2.655,$3.092,$3.463,$3.248,2024-12-11
Tennessee,$2.647,$3.081,$3.459,$3.247,2024-12-12
Tennessee,$2.639,$3.063,$3.454,$3.247,2024-12-13
Tennessee,$2.635,$3.057,$3.438,$3.252,2024-12-14
Tennessee,$2.631,$3.045,$3.424,$3.251,2024-12-15
Tennessee,$2.643,$3.064,$3.439,$3.240,2024-12-16
Tennessee,$2.691,$3.130,$3.507,$3.251,2024-12-17
Tennessee,$2.719,$3.166,$3.541,$3.252,2024-12-18
Texas,$2.667,$3.121,$3.471,$3.075,2024-11-16
Texas,$2.655,$3.098,$3.452,$3.067,2024-11-17
Texas,$2.653,$3.081,$3.436,$3.058,2024-11-18
Texas,$2.654,$3.094,$3.445,$3.065,2024-11-19
Texas,$2.675,$3.120,$3.474,$3.071,2024-11-20
Texas,$2.677,$3.128,$3.485,$3.069,2024-11-21
Texas,$2.668,$3.123,$3.476,$3.065,2024-11-22
Texas,$2.655,$3.108,$3.462,$3.058,2024-11-23
Texas,$2.646,$3.086,$3.444,$3.053,2024-11-24
Texas,$2.644,$3.071,$3.432,$3.070,2024-11-25
Texas,$2.638,$3.075,$3.430,$3.111,2024-11-26
Texas,$2.625,$3.067,$3.424,$3.122,2024-11-27
Texas,$2.611,$3.053,$3.408,$3.125,2024-11-28
Texas,$2.603,$3.030,$3.384,$3.122,2024-11-29
Texas,$2.590,$2.998,$3.361,$3.116,2024-11-30
Texas,$2.583,$2.989,$3.353,$3.115,2024-12-01
Texas,$2.587,$3.001,$3.358,$3.115,2024-12-02
Texas,$2.584,$3.003,$3.361,$3.111,2024-12-03
Texas,$2.610,$3.043,$3.397,$3.109,2024-12-04
Texas,$2.630,$3.083,$3.436,$3.103,2024-12-05
Texas,$2.631,$3.080,$3.433,$3.096,2024-12-06
Texas,$2.617,$3.067,$3.419,$3.086,2024-12-07
Texas,$2.607,$3.050,$3.404,$3.077,2024-12-08
Texas,$2.603,$3.036,$3.391,$3.068,2024-12-09
Texas,$2.596,$3.034,$3.393,$3.065,2024-12-10
Texas,$2.589,$3.033,$3.392,$3.059,2024-12-11
Texas,$2.579,$3.026,$3.380,$3.050,2024-12-12
Texas,$2.575,$3.019,$3.373,$3.047,2024-12-13
Texas,$2.569,$3.012,$3.368,$3.045,2024-12-14
Texas,$2.565,$3.000,$3.359,$3.051,2024-12-15
Texas,$2.565,$2.987,$3.350,$3.033,2024-12-16
Texas,$2.621,$3.080,$3.433,$3.059,2024-12-17
Texas,$2.655,$3.118,$3.472,$3.069,2024-12-18
Utah,$3.142,$3.398,$3.618,$3.430,2024-11-16
Utah,$3.132,$3.376,$3.600,$3.418,2024-11-17
Utah,$3.116,$3.367,$3.586,$3.406,2024-11-18
Utah,$3.129,$3.380,$3.602,$3.404,2024-11-19
Utah,$3.126,$3.376,$3.591,$3.399,2024-11-20
Utah,$3.110,$3.362,$3.579,$3.388,2024-11-21
Utah,$3.098,$3.350,$3.567,$3.374,2024-11-22
Utah,$3.079,$3.327,$3.549,$3.363,2024-11-23
Utah,$3.067,$3.308,$3.537,$3.357,2024-11-24
Utah,$3.055,$3.304,$3.524,$3.344,2024-11-25
Utah,$3.048,$3.304,$3.514,$3.352,2024-11-26
Utah,$3.039,$3.290,$3.511,$3.350,2024-11-27
Utah,$3.021,$3.277,$3.495,$3.337,2024-11-28
Utah,$3.014,$3.265,$3.482,$3.323,2024-11-29
Utah,$3.000,$3.249,$3.470,$3.307,2024-11-30
Utah,$2.997,$3.242,$3.465,$3.307,2024-12-01
Utah,$2.990,$3.236,$3.453,$3.296,2024-12-02
Utah,$2.998,$3.245,$3.461,$3.302,2024-12-03
Utah,$3.008,$3.255,$3.475,$3.310,2024-12-04
Utah,$3.005,$3.253,$3.467,$3.307,2024-12-05
Utah,$2.987,$3.242,$3.456,$3.296,2024-12-06
Utah,$2.969,$3.221,$3.434,$3.278,2024-12-07
Utah,$2.960,$3.205,$3.424,$3.274,2024-12-08
Utah,$2.955,$3.197,$3.420,$3.263,2024-12-09
Utah,$2.988,$3.228,$3.452,$3.292,2024-12-10
Utah,$2.995,$3.236,$3.453,$3.295,2024-12-11
Utah,$2.982,$3.232,$3.448,$3.292,2024-12-12
Utah,$2.974,$3.224,$3.438,$3.288,2024-12-13
Utah,$2.957,$3.209,$3.426,$3.273,2024-12-14
Utah,$2.952,$3.194,$3.416,$3.269,2024-12-15
Utah,$2.945,$3.187,$3.407,$3.267,2024-12-16
Utah,$3.036,$3.285,$3.500,$3.336,2024-12-17
Utah,$3.061,$3.311,$3.523,$3.352,2024-12-18
Vermont,$3.115,$3.663,$4.053,$3.572,2024-11-16
Vermont,$3.112,$3.661,$4.058,$3.567,2024-11-17
Vermont,$3.102,$3.671,$4.042,$3.562,2024-11-18
Vermont,$3.103,$3.676,$4.070,$3.565,2024-11-19
Vermont,$3.106,$3.666,$4.062,$3.562,2024-11-20
Vermont,$3.111,$3.667,$4.064,$3.571,2024-11-21
Vermont,$3.111,$3.663,$4.059,$3.566,2024-11-22
Vermont,$3.116,$3.667,$4.054,$3.571,2024-11-23
Vermont,$3.116,$3.654,$4.064,$3.578,2024-11-24
Vermont,$3.107,$3.645,$4.053,$3.569,2024-11-25
Vermont,$3.117,$3.677,$4.051,$3.577,2024-11-26
Vermont,$3.127,$3.669,$4.054,$3.583,2024-11-27
Vermont,$3.132,$3.664,$4.048,$3.586,2024-11-28
Vermont,$3.131,$3.664,$4.042,$3.583,2024-11-29
Vermont,$3.128,$3.657,$4.049,$3.588,2024-11-30
Vermont,$3.131,$3.638,$4.030,$3.585,2024-12-01
Vermont,$3.128,$3.661,$4.044,$3.581,2024-12-02
Vermont,$3.130,$3.677,$4.048,$3.585,2024-12-03
Vermont,$3.126,$3.658,$4.047,$3.590,2024-12-04
Vermont,$3.125,$3.659,$4.048,$3.592,2024-12-05
Vermont,$3.123,$3.677,$4.051,$3.597,2024-12-06
Vermont,$3.126,$3.673,$4.070,$3.595,2024-12-07
Vermont,$3.120,$3.642,$4.054,$3.589,2024-12-08
Vermont,$3.114,$3.644,$4.038,$3.590,2024-12-09
Vermont,$3.120,$3.634,$4.048,$3.591,2024-12-10
Vermont,$3.117,$3.611,$4.034,$3.588,2024-12-11
Vermont,$3.116,$3.615,$4.047,$3.591,2024-12-12
Vermont,$3.115,$3.652,$4.059,$3.595,2024-12-13
Vermont,$3.119,$3.636,$4.035,$3.594,2024-12-14
Vermont,$3.116,$3.616,$4.029,$3.593,2024-12-15
Vermont,$3.113,$3.639,$4.030,$3.588,2024-12-16
Vermont,$3.116,$3.665,$4.033,$3.591,2024-12-17
Vermont,$3.112,$3.647,$4.034,$3.591,2024-12-18
Virginia,$3.012,$3.496,$3.867,$3.505,2024-11-16
Virginia,$3.008,$3.489,$3.860,$3.507,2024-11-17
Virginia,$3.005,$3.480,$3.852,$3.502,2024-11-18
Virginia,$2.997,$3.478,$3.850,$3.498,2024-11-19
Virginia,$2.990,$3.472,$3.833,$3.500,2024-11-20
Virginia,$2.982,$3.463,$3.827,$3.493,2024-11-21
Virginia,$2.970,$3.452,$3.818,$3.489,2024-11-22
Virginia,$2.966,$3.442,$3.808,$3.489,2024-11-23
Virginia,$2.962,$3.429,$3.793,$3.485,2024-11-24
Virginia,$2.954,$3.421,$3.789,$3.481,2024-11-25
Virginia,$2.952,$3.425,$3.795,$3.485,2024-11-26
Virginia,$2.954,$3.427,$3.795,$3.490,2024-11-27
Virginia,$2.950,$3.423,$3.792,$3.487,2024-11-28
Virginia,$2.947,$3.415,$3.781,$3.486,2024-11-29
Virginia,$2.938,$3.408,$3.773,$3.480,2024-11-30
Virginia,$2.935,$3.406,$3.775,$3.479,2024-12-01
Virginia,$2.931,$3.399,$3.769,$3.478,2024-12-02
Virginia,$2.925,$3.400,$3.765,$3.475,2024-12-03
Virginia,$2.919,$3.394,$3.757,$3.474,2024-12-04
Virginia,$2.924,$3.397,$3.765,$3.473,2024-12-05
Virginia,$2.915,$3.390,$3.761,$3.466,2024-12-06
Virginia,$2.906,$3.383,$3.749,$3.462,2024-12-07
Virginia,$2.901,$3.373,$3.740,$3.460,2024-12-08
Virginia,$2.893,$3.356,$3.728,$3.454,2024-12-09
Virginia,$2.889,$3.350,$3.722,$3.451,2024-12-10
Virginia,$2.892,$3.365,$3.728,$3.458,2024-12-11
Virginia,$2.912,$3.392,$3.754,$3.460,2024-12-12
Virginia,$2.914,$3.400,$3.763,$3.462,2024-12-13
Virginia,$2.909,$3.390,$3.755,$3.461,2024-12-14
Virginia,$2.905,$3.381,$3.746,$3.461,2024-12-15
Virginia,$2.899,$3.372,$3.740,$3.458,2024-12-16
Virginia,$2.895,$3.365,$3.735,$3.453,2024-12-17
Virginia,$2.889,$3.366,$3.727,$3.454,2024-12-18
Washington,$3.990,$4.262,$4.487,$4.371,2024-11-16
Washington,$3.987,$4.239,$4.472,$4.367,2024-11-17
Washington,$3.985,$4.196,$4.449,$4.343,2024-11-18
Washington,$3.980,$4.234,$4.457,$4.372,2024-11-19
Washington,$3.979,$4.254,$4.466,$4.373,2024-11-20
Washington,$3.977,$4.247,$4.472,$4.366,2024-11-21
Washington,$3.971,$4.236,$4.459,$4.363,2024-11-22
Washington,$3.981,$4.244,$4.462,$4.373,2024-11-23
Washington,$3.986,$4.236,$4.466,$4.373,2024-11-24
Washington,$3.991,$4.208,$4.456,$4.349,2024-11-25
Washington,$4.005,$4.252,$4.479,$4.364,2024-11-26
Washington,$4.006,$4.273,$4.493,$4.376,2024-11-27
Washington,$4.007,$4.273,$4.493,$4.374,2024-11-28
Washington,$4.003,$4.266,$4.490,$4.372,2024-11-29
Washington,$4.006,$4.248,$4.482,$4.353,2024-11-30
Washington,$4.008,$4.250,$4.486,$4.359,2024-12-01
Washington,$4.004,$4.247,$4.478,$4.344,2024-12-02
Washington,$3.999,$4.265,$4.491,$4.365,2024-12-03
Washington,$3.991,$4.264,$4.488,$4.360,2024-12-04
Washington,$3.984,$4.254,$4.476,$4.360,2024-12-05
Washington,$3.979,$4.254,$4.475,$4.360,2024-12-06
Washington,$3.970,$4.242,$4.471,$4.354,2024-12-07
Washington,$3.967,$4.227,$4.468,$4.341,2024-12-08
Washington,$3.965,$4.205,$4.449,$4.333,2024-12-09
Washington,$3.956,$4.208,$4.452,$4.336,2024-12-10
Washington,$3.950,$4.228,$4.448,$4.342,2024-12-11
Washington,$3.945,$4.217,$4.440,$4.338,2024-12-12
Washington,$3.940,$4.205,$4.435,$4.336,2024-12-13
Washington,$3.935,$4.215,$4.433,$4.334,2024-12-14
Washington,$3.932,$4.211,$4.423,$4.326,2024-12-15
Washington,$3.933,$4.178,$4.408,$4.314,2024-12-16
Washington,$3.922,$4.183,$4.413,$4.322,2024-12-17
Washington,$3.917,$4.185,$4.408,$4.323,2024-12-18
West Virginia,$2.999,$3.419,$3.859,$3.598,2024-11-16
West Virginia,$2.993,$3.405,$3.854,$3.590,2024-11-17
West Virginia,$2.989,$3.404,$3.859,$3.583,2024-11-18
West Virginia,$2.971,$3.385,$3.834,$3.589,2024-11-19
West Virginia,$2.965,$3.377,$3.827,$3.590,2024-11-20
West Virginia,$2.958,$3.373,$3.821,$3.589,2024-11-21
West Virginia,$2.950,$3.366,$3.815,$3.592,2024-11-22
West Virginia,$2.944,$3.354,$3.805,$3.584,2024-11-23
West Virginia,$2.940,$3.350,$3.802,$3.579,2024-11-24
West Virginia,$2.935,$3.332,$3.785,$3.579,2024-11-25
West Virginia,$2.944,$3.366,$3.806,$3.584,2024-11-26
West Virginia,$2.959,$3.370,$3.818,$3.586,2024-11-27
West Virginia,$2.946,$3.351,$3.796,$3.579,2024-11-28
West Virginia,$2.939,$3.351,$3.789,$3.569,2024-11-29
West Virginia,$2.928,$3.337,$3.793,$3.570,2024-11-30
West Virginia,$2.924,$3.329,$3.784,$3.573,2024-12-01
West Virginia,$2.922,$3.320,$3.779,$3.566,2024-12-02
West Virginia,$2.911,$3.315,$3.778,$3.571,2024-12-03
West Virginia,$2.907,$3.315,$3.762,$3.570,2024-12-04
West Virginia,$2.910,$3.332,$3.774,$3.570,2024-12-05
West Virginia,$2.962,$3.377,$3.829,$3.569,2024-12-06
West Virginia,$2.959,$3.369,$3.814,$3.572,2024-12-07
West Virginia,$2.947,$3.355,$3.805,$3.570,2024-12-08
West Virginia,$2.935,$3.349,$3.796,$3.561,2024-12-09
West Virginia,$2.919,$3.337,$3.782,$3.557,2024-12-10
West Virginia,$2.922,$3.333,$3.782,$3.558,2024-12-11
West Virginia,$2.948,$3.350,$3.812,$3.558,2024-12-12
West Virginia,$2.951,$3.358,$3.813,$3.553,2024-12-13
West Virginia,$2.945,$3.355,$3.811,$3.547,2024-12-14
West Virginia,$2.938,$3.345,$3.798,$3.546,2024-12-15
West Virginia,$2.929,$3.338,$3.782,$3.539,2024-12-16
West Virginia,$2.926,$3.340,$3.781,$3.540,2024-12-17
West Virginia,$2.920,$3.335,$3.781,$3.542,2024-12-18
Wisconsin,$2.859,$3.350,$3.846,$3.370,2024-11-16
Wisconsin,$2.849,$3.352,$3.836,$3.370,2024-11-17
Wisconsin,$2.838,$3.348,$3.831,$3.364,2024-11-18
Wisconsin,$2.824,$3.326,$3.818,$3.362,2024-11-19
Wisconsin,$2.818,$3.319,$3.817,$3.358,2024-11-20
Wisconsin,$2.823,$3.320,$3.817,$3.358,2024-11-21
Wisconsin,$2.853,$3.341,$3.832,$3.362,2024-11-22
Wisconsin,$2.869,$3.368,$3.850,$3.367,2024-11-23
Wisconsin,$2.862,$3.366,$3.856,$3.368,2024-11-24
Wisconsin,$2.857,$3.374,$3.854,$3.370,2024-11-25
Wisconsin,$2.840,$3.363,$3.838,$3.361,2024-11-26
Wisconsin,$2.827,$3.343,$3.825,$3.361,2024-11-27
Wisconsin,$2.811,$3.331,$3.809,$3.346,2024-11-28
Wisconsin,$2.804,$3.323,$3.804,$3.343,2024-11-29
Wisconsin,$2.792,$3.316,$3.788,$3.335,2024-11-30
Wisconsin,$2.784,$3.299,$3.782,$3.330,2024-12-01
Wisconsin,$2.777,$3.305,$3.777,$3.322,2024-12-02
Wisconsin,$2.771,$3.292,$3.770,$3.325,2024-12-03
Wisconsin,$2.764,$3.276,$3.757,$3.325,2024-12-04
Wisconsin,$2.758,$3.264,$3.742,$3.318,2024-12-05
Wisconsin,$2.752,$3.264,$3.742,$3.315,2024-12-06
Wisconsin,$2.744,$3.262,$3.741,$3.310,2024-12-07
Wisconsin,$2.734,$3.250,$3.729,$3.299,2024-12-08
Wisconsin,$2.726,$3.232,$3.716,$3.298,2024-12-09
Wisconsin,$2.721,$3.227,$3.715,$3.292,2024-12-10
Wisconsin,$2.736,$3.246,$3.737,$3.289,2024-12-11
Wisconsin,$2.760,$3.250,$3.755,$3.288,2024-12-12
Wisconsin,$2.785,$3.265,$3.784,$3.288,2024-12-13
Wisconsin,$2.795,$3.286,$3.788,$3.288,2024-12-14
Wisconsin,$2.786,$3.285,$3.780,$3.288,2024-12-15
Wisconsin,$2.776,$3.286,$3.764,$3.286,2024-12-16
Wisconsin,$2.768,$3.279,$3.764,$3.290,2024-12-17
Wisconsin,$2.764,$3.274,$3.757,$3.308,2024-12-18
Wyoming,$3.074,$3.348,$3.627,$3.488,2024-11-16
Wyoming,$3.057,$3.344,$3.614,$3.475,2024-11-17
Wyoming,$3.042,$3.328,$3.613,$3.474,2024-11-18
Wyoming,$3.060,$3.334,$3.620,$3.468,2024-11-19
Wyoming,$3.053,$3.335,$3.631,$3.460,2024-11-20
Wyoming,$3.041,$3.322,$3.619,$3.458,2024-11-21
Wyoming,$3.022,$3.329,$3.614,$3.466,2024-11-22
Wyoming,$3.035,$3.315,$3.603,$3.457,2024-11-23
Wyoming,$3.026,$3.294,$3.601,$3.449,2024-11-24
Wyoming,$3.001,$3.274,$3.563,$3.430,2024-11-25
Wyoming,$3.021,$3.275,$3.576,$3.429,2024-11-26
Wyoming,$3.020,$3.285,$3.602,$3.448,2024-11-27
Wyoming,$3.007,$3.276,$3.571,$3.446,2024-11-28
Wyoming,$2.990,$3.265,$3.546,$3.423,2024-11-29
Wyoming,$2.985,$3.260,$3.552,$3.418,2024-11-30
Wyoming,$2.979,$3.252,$3.550,$3.424,2024-12-01
Wyoming,$2.982,$3.259,$3.561,$3.413,2024-12-02
Wyoming,$2.979,$3.261,$3.553,$3.415,2024-12-03
Wyoming,$2.989,$3.268,$3.552,$3.413,2024-12-04
Wyoming,$2.991,$3.260,$3.556,$3.400,2024-12-05
Wyoming,$2.978,$3.249,$3.554,$3.386,2024-12-06
Wyoming,$2.974,$3.255,$3.560,$3.384,2024-12-07
Wyoming,$2.966,$3.226,$3.531,$3.388,2024-12-08
Wyoming,$2.952,$3.212,$3.504,$3.365,2024-12-09
Wyoming,$2.955,$3.225,$3.515,$3.391,2024-12-10
Wyoming,$2.947,$3.222,$3.528,$3.389,2024-12-11
Wyoming,$2.946,$3.218,$3.513,$3.382,2024-12-12
Wyoming,$2.946,$3.229,$3.512,$3.381,2024-12-13
Wyoming,$2.931,$3.207,$3.505,$3.385,2024-12-14
Wyoming,$2.929,$3.187,$3.486,$3.370,2024-12-15
Wyoming,$2.926,$3.189,$3.465,$3.371,2024-12-16
Wyoming,$2.928,$3.184,$3.480,$3.373,2024-12-17
Wyoming,$2.929,$3.188,$3.500,$3.375,2024-12-18
